"name","param","est","se","N","bic","rr","rr_low","rr_high"
"Above 4.5 pop","(Intercept)",-6.03171088468962,0.0311019928304345,35208,155971.008722342,-99.7598618025614,-99.7740633445573,-99.7447676041938
"Above 4.5 pop","pm25Exp_10ug",0.0230786909019357,0.00353088920343669,35208,155971.008722342,2.33470644823835,1.62893968974241,3.04537443584204
"Above 4.5 pop","landTemp",-0.0130269070346522,0.000628844692657067,35208,155971.008722342,-1.29424241294225,-1.41582582952074,-1.17250904808543
"Above 4.5 pop","year_quarter2002-2",-0.0536889518557181,0.0227865585413462,35208,155971.008722342,-5.22731506624116,-9.36689176142875,-0.898667340076301
"Above 4.5 pop","year_quarter2002-3",0.0708492645573907,0.0231150379479652,35208,155971.008722342,7.34194113229991,2.58728284420397,12.3169656764248
"Above 4.5 pop","year_quarter2002-4",0.0862780732782125,0.0253653402535015,35208,155971.008722342,9.01094164618628,3.72386174370712,14.5675180119216
"Above 4.5 pop","year_quarter2003-1",0.0482349139180014,0.0255992835388281,35208,155971.008722342,4.94171490650366,-0.193780185103307,10.3414551512166
"Above 4.5 pop","year_quarter2003-2",-0.0639323045318916,0.0254115596260384,35208,155971.008722342,-6.1931499632404,-10.7509099946604,-1.40263488072948
"Above 4.5 pop","year_quarter2003-3",0.0929798410609392,0.0250157313920326,35208,155971.008722342,9.74396118268326,4.49290700183069,15.2588951885058
"Above 4.5 pop","year_quarter2003-4",0.108803769319981,0.0258037129056458,35208,155971.008722342,11.4943542744193,5.99571598007182,17.278240164035
"Above 4.5 pop","year_quarter2004-1",0.0183140291315885,0.0244523344157149,35208,155971.008722342,1.84827594330528,-2.91783909101758,6.84837683360526
"Above 4.5 pop","year_quarter2004-2",0.0567371167861256,0.0262828894378957,35208,155971.008722342,5.83775441310441,0.523631531588691,11.4328052870691
"Above 4.5 pop","year_quarter2004-3",0.0823703620274716,0.0264079261660688,35208,155971.008722342,8.5857895898118,3.10841554144834,14.3541352946413
"Above 4.5 pop","year_quarter2004-4",0.062037002507965,0.0288049055912079,35208,155971.008722342,6.40017147315588,0.559498131965015,12.5800814425341
"Above 4.5 pop","year_quarter2005-1",-0.0208024428951889,0.0234065055315943,35208,155971.008722342,-2.05875646567902,-6.45047340568844,2.53913124165888
"Above 4.5 pop","year_quarter2005-2",-0.029879681836223,0.0239149963681227,35208,155971.008722342,-2.94376972022596,-7.38814925510188,1.71389255644974
"Above 4.5 pop","year_quarter2005-3",0.0551038163419546,0.0265685110611619,35208,155971.008722342,5.66503065510425,0.303412833994244,11.3132483520053
"Above 4.5 pop","year_quarter2005-4",0.0750516569360021,0.025440552274089,35208,155971.008722342,7.79398325153903,2.55080768169822,13.3052297481492
"Above 4.5 pop","year_quarter2006-1",-0.033386848661076,0.0258555070198036,35208,155971.008722342,-3.28356590196337,-8.06272568729636,1.74402813840373
"Above 4.5 pop","year_quarter2006-2",-0.119029732840716,0.0251688476520895,35208,155971.008722342,-11.2218595893551,-15.4951007688493,-6.73252927959435
"Above 4.5 pop","year_quarter2006-3",0.0209353136746174,0.0265674953659826,35208,155971.008722342,2.11559946721226,-3.06572139202413,7.57387174375823
"Above 4.5 pop","year_quarter2006-4",0.0510070322660234,0.0251845324494817,35208,155971.008722342,5.23302935237521,0.164670299383346,10.5578487262893
"Above 4.5 pop","year_quarter2007-1",-0.0706700259509212,0.025869735427832,35208,155971.008722342,-6.82306989045983,-11.4297981684798,-1.97673568416299
"Above 4.5 pop","year_quarter2007-2",0.0115389351766937,0.0240265148367918,35208,155971.008722342,1.16057654920616,-3.49284486386478,6.0383785361017
"Above 4.5 pop","year_quarter2007-3",0.106438410844887,0.0236433206840873,35208,155971.008722342,11.2309418138734,6.19400831026442,16.5067842684061
"Above 4.5 pop","year_quarter2007-4",0.0726708713308888,0.0276047154522322,35208,155971.008722342,7.53765414129963,1.87390418456064,13.5162841826808
"Above 4.5 pop","year_quarter2008-1",-0.00863402431160441,0.0231799241013198,35208,155971.008722342,-0.859685816508531,-5.26310619492524,3.7484078444094
"Above 4.5 pop","year_quarter2008-2",-0.127894669993882,0.0254351910371656,35208,155971.008722342,-12.0053941012649,-16.2846342774271,-7.50741395631415
"Above 4.5 pop","year_quarter2008-3",-0.0536440166259387,0.0300616044408701,35208,155971.008722342,-5.22305633818409,-10.6460521570361,0.529067452752201
"Above 4.5 pop","year_quarter2008-4",0.0307397413754843,0.0283813096826529,35208,155971.008722342,3.1217085818647,-2.45804819496024,9.02064787567218
"Above 4.5 pop","year_quarter2009-1",-0.0504645436520042,0.0281396092467467,35208,155971.008722342,-4.92123604678912,-10.0231866033192,0.47001014601247
"Above 4.5 pop","year_quarter2009-2",-0.121257234087234,0.0280904616484441,35208,155971.008722342,-11.4193929232335,-16.1645753176302,-6.40562769477349
"Above 4.5 pop","year_quarter2009-3",-0.0519699281179975,0.0287957860850027,35208,155971.008722342,-5.06425846221931,-10.2740058316389,0.447981712153123
"Above 4.5 pop","year_quarter2009-4",0.0333737945356393,0.0291963801214354,35208,155971.008722342,3.39369469992361,-2.35689207314974,9.48295615200674
"Above 4.5 pop","year_quarter2010-1",-0.052696819991802,0.0272787593795409,35208,155971.008722342,-5.13324140666847,-10.0722115596074,0.0769844570431815
"Above 4.5 pop","year_quarter2010-2",-0.109318599894323,0.0256543359817577,35208,155971.008722342,-10.3555235211138,-14.7516221722134,-5.73272632345365
"Above 4.5 pop","year_quarter2010-3",0.100925721295641,0.0298392430167273,35208,155971.008722342,10.619447201958,4.33542931703876,17.2819451586656
"Above 4.5 pop","year_quarter2010-4",0.0646277027516516,0.0248083589215256,35208,155971.008722342,6.67617979636039,1.61320582125421,11.9914212328209
"Above 4.5 pop","year_quarter2011-1",-0.0764524844971979,0.0267018428096836,35208,155971.008722342,-7.36030685409426,-12.0839756974747,-2.38283846144007
"Above 4.5 pop","year_quarter2011-2",-0.170452448654316,0.029167798999659,35208,155971.008722342,-15.6716812074379,-20.3574218443496,-10.7102568116015
"Above 4.5 pop","year_quarter2011-3",-0.0254530358356099,0.0253514364909486,35208,155971.008722342,-2.51318382407351,-7.23881060112403,2.45318532142542
"Above 4.5 pop","year_quarter2011-4",0.00357564333634363,0.0259038062773532,35208,155971.008722342,0.3582043575028,-4.60994106196287,5.58510282926497
"Above 4.5 pop","year_quarter2012-1",-0.0325943168888887,0.0269905310045478,35208,155971.008722342,-3.20688467290651,-8.19429622419914,2.05147163409229
"Above 4.5 pop","year_quarter2012-2",-0.128271269397792,0.0295118321935624,35208,155971.008722342,-12.0385265781666,-16.9821433107955,-6.80052322350501
"Above 4.5 pop","year_quarter2012-3",0.0202759490047685,0.0276008151248614,35208,155971.008722342,2.04829024178437,-3.32560906462143,7.72091182071728
"Above 4.5 pop","year_quarter2012-4",0.000815969646496943,0.0277963215571753,35208,155971.008722342,0.0816302640293713,-5.2250280552794,5.68542000886167
"Above 4.5 pop","year_quarter2013-1",-0.0917143428128069,0.0301921399489454,35208,155971.008722342,-8.76342638460194,-14.0058518754168,-3.20140908869205
"Above 4.5 pop","year_quarter2013-2",-0.166349032970249,0.0228267708026436,35208,155971.008722342,-15.3249361284374,-19.0298407685622,-11.4505083143099
"Above 4.5 pop","year_quarter2013-3",-0.0453179029546712,0.0255337697849916,35208,155971.008722342,-4.43063842885051,-9.09581004324619,0.473948180630842
"Above 4.5 pop","year_quarter2013-4",0.0166977337825451,0.0240093313669903,35208,155971.008722342,1.68379201170514,-2.99043030454256,6.58323287422921
"Above 4.5 pop","year_quarter2014-1",-0.112330618129293,0.0258578989107139,35208,155971.008722342,-10.6251280881697,-15.0419091571746,-5.97872845290478
"Above 4.5 pop","year_quarter2014-2",-0.145592383188853,0.0287797493155953,35208,155971.008722342,-13.5489979807767,-18.2905637362585,-8.53228106966846
"Above 4.5 pop","year_quarter2014-3",-0.0174693839268256,0.025995620089904,35208,155971.008722342,-1.73176789216285,-6.61325798748139,3.40488632000108
"Above 4.5 pop","year_quarter2014-4",-0.00294637848497363,0.0268377616791673,35208,155971.008722342,-0.294204217173743,-5.40337540456048,5.09091371074058
"Above 4.5 pop","year_quarter2015-1",-0.0767246425976277,0.0268254895713174,35208,155971.008722342,-7.38551606640398,-12.1291973633784,-2.38574842934773
"Above 4.5 pop","year_quarter2015-2",-0.199664375770414,0.0225351802976257,35208,155971.008722342,-18.0994414926219,-21.6381770307193,-14.4009004684589
"Above 4.5 pop","year_quarter2015-3",-0.0533492537975175,0.0253156401803028,35208,155971.008722342,-5.19511550044335,-9.78440754921046,-0.372364900479951
"Above 4.5 pop","year_quarter2015-4",-0.0180002183152999,0.026339463148566,35208,155971.008722342,-1.78391820624563,-6.72569948578136,3.41968441185965
"Above 4.5 pop","year_quarter2016-1",-0.129633506062942,0.0233402845832039,35208,155971.008722342,-12.1582693448717,-16.0862301528337,-8.04644269299644
"Above 4.5 pop","year_quarter2016-2",-0.212973591156958,0.0259840941966663,35208,155971.008722342,-19.1822520033113,-23.1951514589605,-14.9596865910585
"Above 4.5 pop","year_quarter2016-3",-0.0416038997126696,0.0265990900912854,35208,155971.008722342,-4.07503356008387,-8.94788183160335,1.05859557798654
"Above 4.5 pop","year_quarter2016-4",-0.0408645607669576,0.0256644090388694,35208,155971.008722342,-4.00408627271418,-8.71345700212936,0.948235629335386
"Above 4.5 pop","year_quarter2017-1",-0.105085147515438,0.0278276052038644,35208,155971.008722342,-9.97521345462918,-14.7538518396479,-4.92869921471764
"Above 4.5 pop","year_quarter2017-2",-0.127012117210248,0.0261294712205574,35208,155971.008722342,-11.9276999373269,-16.3246604387842,-7.29968854617195
"Above 4.5 pop","year_quarter2017-3",-0.0591325916361623,0.0259839266805324,35208,155971.008722342,-5.74182175895623,-10.4220587684952,-0.817053359609517
"Above 4.5 pop","year_quarter2017-4",-0.0753466937006576,0.0245935435195054,35208,155971.008722342,-7.2578100744656,-11.6222583199562,-2.67782782544126
"Above 4.5 pop","year_quarter2018-1",-0.165370967723665,0.0247695492845824,35208,155971.008722342,-15.2420778774297,-19.2586446674576,-11.0257025913429
"Above 4.5 pop","year_quarter2018-2",-0.222386493770045,0.0276438744292023,35208,155971.008722342,-19.9394124652354,-24.1618322426859,-15.4819022405308
"Above 4.5 pop","year_quarter2018-3",-0.0556721338677225,0.0252412803737332,35208,155971.008722342,-5.41508030237154,-9.98060540739391,-0.618004878899228
"Above 4.5 pop","year_quarter2018-4",-0.0823299124813781,0.0242212656659804,35208,155971.008722342,-7.90319302904278,-12.1732088216424,-3.42557503870346
"Above 4.5 pop","year_quarter2019-1",-0.163771776308871,0.0246729714925114,35208,155971.008722342,-15.1064252977251,-19.1141108447302,-10.900169349734
"Above 4.5 pop","year_quarter2019-2",-0.208743326847749,0.0231988620925876,35208,155971.008722342,-18.8396474253639,-22.4473477588913,-15.0641191540367
"Above 4.5 pop","year_quarter2019-3",-0.131925226446264,0.0245156910465839,35208,155971.008722342,-12.3593475340231,-16.4709725907019,-8.04533222893551
"Above 4.5 pop","year_quarter2019-4",-0.0516658629644773,0.025191975596577,35208,155971.008722342,-5.03538742227792,-9.61050536509977,-0.228697168146269
"Above 4.5 pop","commune1404",0.668034276960051,0.00539893681702425,35208,155971.008722342,95.0399604488529,92.9869455127262,97.1148155686083
"Above 4.5 pop","commune1405",0.857829059900334,0.00296384569457135,35208,155971.008722342,135.803597813187,134.43775330633,137.177399789311
"Above 4.5 pop","commune3302",0.762119603253946,0.00126706632958397,35208,155971.008722342,114.281332446312,113.749835715914,114.814150762637
"Above 4.5 pop","commune4103",1.19960127901927,0.000588320650394963,35208,155971.008722342,231.879338633938,231.496866314373,232.262252239953
"Above 4.5 pop","commune4105",1.00967599214791,0.0020760554279523,35208,155971.008722342,174.471156283188,173.356583483379,175.590273595921
"Above 4.5 pop","commune4106",1.09359359244678,0.00191380969561243,35208,155971.008722342,198.498162917914,197.380573694866,199.619952165381
"Above 4.5 pop","commune4201",1.2420219192256,0.00275199934152074,35208,155971.008722342,246.260750437217,244.398076170007,248.133498963449
"Above 4.5 pop","commune4202",0.955810628492084,0.00299881348555698,35208,155971.008722342,160.077799338366,158.553630379364,161.610953245721
"Above 4.5 pop","commune4203",0.957186631478877,0.00653890344096186,35208,155971.008722342,160.435913493624,157.119399556974,163.795206250973
"Above 4.5 pop","commune4204",1.13473236024218,0.00376020237716425,35208,155971.008722342,211.034098058994,208.750204277974,213.334886309169
"Above 4.5 pop","commune4301",1.20576237708398,0.00262920471851868,35208,155971.008722342,233.930391666335,232.213994101676,235.655657071159
"Above 4.5 pop","commune4302",1.19999475811866,0.000399478777177401,35208,155971.008722342,232.009951912321,231.750097033958,232.270010331115
"Above 4.5 pop","commune4303",1.09392166924513,0.00195567379486318,35208,155971.008722342,198.596109305608,197.453745205039,199.742860628591
"Above 4.5 pop","commune4304",1.11049936367137,0.00170470757228185,35208,155971.008722342,203.587402117674,202.574740449194,204.603452977377
"Above 4.5 pop","commune4305",1.15752310783319,0.00171658743279592,35208,155971.008722342,218.204193241008,217.135390622925,219.27659791383
"Above 4.5 pop","commune5101",1.24570905671929,0.0054748402519736,35208,155971.008722342,247.539818032716,243.830414878179,251.28923996153
"Above 4.5 pop","commune5105",1.08491611885563,0.00608852712456882,35208,155971.008722342,195.919158795187,192.408790788413,199.471668775566
"Above 4.5 pop","commune5107",0.984430269956242,0.00673047256129107,35208,155971.008722342,167.628668905503,164.121369306705,171.182542359752
"Above 4.5 pop","commune5109",1.17830088602418,0.00525089734392427,35208,155971.008722342,224.884934520964,221.558444218802,228.245837036299
"Above 4.5 pop","commune5404",1.18032583747013,0.00327392312687678,35208,155971.008722342,225.54347727241,223.461188859331,227.639170462275
"Above 4.5 pop","commune5405",0.907331758662309,0.00632882120021828,35208,155971.008722342,147.770259702656,144.71577990247,150.862864738793
"Above 4.5 pop","commune5501",1.30543510604924,0.00404048029420639,35208,155971.008722342,268.929397865968,266.019258423571,271.862675193542
"Above 4.5 pop","commune5502",1.28564518553034,0.00423247298498437,35208,155971.008722342,261.7000841171,258.711959232116,264.713100534408
"Above 4.5 pop","commune5602",0.717296075023316,0.00697074503306079,35208,155971.008722342,104.888568080487,102.108281487386,107.707101466263
"Above 4.5 pop","commune5603",0.865928447099451,0.00661844232350289,35208,155971.008722342,137.721217744996,134.657378425507,140.825060542912
"Above 4.5 pop","commune5604",0.519099186549992,0.00755382439943607,35208,155971.008722342,68.0513138817054,65.5815589437887,70.5579067953741
"Above 4.5 pop","commune5605",0.449049172411581,0.00744230805490385,35208,155971.008722342,56.6821699706744,54.4132476283972,58.9844314770089
"Above 4.5 pop","commune5606",0.957787059728208,0.0059988665021327,35208,155971.008722342,160.59233352803,157.546289081638,163.674404068226
"Above 4.5 pop","commune5705",1.23472839996775,0.00245942208033246,35208,155971.008722342,243.744478379525,242.091456738979,245.405487593247
"Above 4.5 pop","commune5801",1.27524195720831,0.00372139210232415,35208,155971.008722342,257.956740746706,255.355328656387,260.577196718791
"Above 4.5 pop","commune5802",1.42414787375508,0.00396421601673574,35208,155971.008722342,315.431633208694,312.216293719937,318.672052754172
"Above 4.5 pop","commune5803",1.02923005777454,0.0054049351857752,35208,155971.008722342,179.891000587498,176.941577059245,182.871835430878
"Above 4.5 pop","commune5804",1.29765623037465,0.00284663610165848,35208,155971.008722342,266.070675186732,264.033905254874,268.118840847656
"Above 4.5 pop","commune6103",1.18563292435976,0.00454648314883584,35208,155971.008722342,227.275757407416,224.372323740824,230.205179502858
"Above 4.5 pop","commune6104",1.11700757541186,0.00543556785191478,35208,155971.008722342,205.569656681786,202.33148516418,208.842511172525
"Above 4.5 pop","commune6107",1.05393801548242,0.00518447193323188,35208,155971.008722342,186.892677970262,183.99216123111,189.822818757197
"Above 4.5 pop","commune6113",1.26898027753322,0.00451641838595591,35208,155971.008722342,255.722333171528,252.587311395839,258.885229919506
"Above 4.5 pop","commune6117",1.11874272448058,0.0048710666039812,35208,155971.008722342,206.10032584892,203.191803449489,209.036749736622
"Above 4.5 pop","commune6201",0.976803591904182,0.00760444422160281,35208,155971.008722342,165.595314934344,161.666048637847,169.583584428655
"Above 4.5 pop","commune6202",1.22245273795856,0.00357168662038857,35208,155971.008722342,239.550581441455,237.181856445036,241.93594688872
"Above 4.5 pop","commune6203",1.09458714765522,0.00465174204203392,35208,155971.008722342,198.794884702718,196.083029258244,201.531578314953
"Above 4.5 pop","commune6204",1.10622819073151,0.00403951365578089,35208,155971.008722342,202.293493042636,199.909550227431,204.696385515637
"Above 4.5 pop","commune6205",0.812557373510763,0.00649177802159763,35208,155971.008722342,125.366408412465,122.517038138198,128.252265380191
"Above 4.5 pop","commune6206",0.968601042206134,0.00707252195845508,35208,155971.008722342,163.425666652766,159.79921564398,167.102738087353
"Above 4.5 pop","commune6302",1.19665447323188,0.00532564584714026,35208,155971.008722342,230.902794228154,227.466707480414,234.374935609444
"Above 4.5 pop","commune6304",1.109566555533,0.00523916717375915,35208,155971.008722342,203.30434535762,200.205720263778,206.434953444538
"Above 4.5 pop","commune6307",1.17551921127418,0.00411669697059826,35208,155971.008722342,223.982466070722,221.378858327311,226.60716659328
"Above 4.5 pop","commune6308",1.10332281121439,0.00536423331518105,35208,155971.008722342,201.416490349537,198.264029689856,204.602270508794
"Above 4.5 pop","commune6309",1.08764065924981,0.00517996845859018,35208,155971.008722342,196.726501816658,193.729156709717,199.754433188139
"Above 4.5 pop","commune6310",1.21912394868897,0.0049103492291454,35208,155971.008722342,238.422168276265,235.18072038009,241.694963394475
"Above 4.5 pop","commune7103",1.06327632668235,0.00694152936800191,35208,155971.008722342,189.584319209756,185.671090300524,193.551152984919
"Above 4.5 pop","commune7106",1.00046381521003,0.0063342399568777,35208,155971.008722342,171.954290134603,168.598819987328,175.351678485054
"Above 4.5 pop","commune7107",1.07193233716391,0.00592188859242471,35208,155971.008722342,192.101844254623,188.73104697816,195.511993981743
"Above 4.5 pop","commune7201",1.15616374312334,0.00522808342279639,35208,155971.008722342,217.771931557392,214.532335238034,221.044894825506
"Above 4.5 pop","commune7202",1.08778705912158,0.00770481136906928,35208,155971.008722342,196.769945718489,192.321965039115,201.285607018856
"Above 4.5 pop","commune7203",0.774043362807299,0.00889668436583382,35208,155971.008722342,116.851665092157,113.103091748357,120.666177423507
"Above 4.5 pop","commune7302",1.07355800079697,0.00589816719550454,35208,155971.008722342,192.577089790006,189.214254671464,195.979026231709
"Above 4.5 pop","commune7303",1.28260408119002,0.00730714630257654,35208,155971.008722342,260.601787285477,255.474053422035,265.803489007674
"Above 4.5 pop","commune7305",1.11535393664718,0.00607952284479368,35208,155971.008722342,205.064772415335,201.451233814482,208.721627014782
"Above 4.5 pop","commune7309",0.907679980268279,0.00816155925819352,35208,155971.008722342,147.856553684244,143.923221577676,151.853311902358
"Above 4.5 pop","commune7404",1.22652757989018,0.00612246330532431,35208,155971.008722342,240.937019227624,236.870215107491,245.052919097425
"Above 4.5 pop","commune7405",1.00068171511213,0.00635616090587987,35208,155971.008722342,172.013555404512,168.645811389575,175.423517459966
"Above 4.5 pop","commune7406",1.22766388579933,0.00584723448733787,35208,155971.008722342,241.32464816804,237.43520010596,245.258927967363
"Above 4.5 pop","commune7407",1.0828437948615,0.00625152528052777,35208,155971.008722342,195.306553399763,191.710243057927,198.947200368037
"Above 4.5 pop","commune8104",0.923354499434492,0.00818338652545208,35208,155971.008722342,151.772193703385,147.766122762335,155.843037843475
"Above 4.5 pop","commune8109",1.12721657217241,0.00879950934991134,35208,155971.008722342,208.705194431295,203.426595061553,214.075623626635
"Above 4.5 pop","commune8111",1.0870925652956,0.00986187434329324,35208,155971.008722342,196.563912376173,190.886593330015,202.352037325013
"Above 4.5 pop","commune8204",0.962772807449253,0.00987502412344585,35208,155971.008722342,161.894825410932,156.874578957789,167.013185404746
"Above 4.5 pop","commune8302",1.03627645213228,0.00727623912364236,35208,155971.008722342,181.87018783258,177.878845025678,185.918860723033
"Above 4.5 pop","commune8305",1.13343662286959,0.00726491555747024,35208,155971.008722342,210.631340544319,206.239530258961,215.086134199479
"Above 4.5 pop","commune8308",0.964536783589658,0.0079497244104744,35208,155971.008722342,162.357209331457,158.300984029671,166.4771315013
"Above 4.5 pop","commune8309",0.967429709191486,0.00799544656638642,35208,155971.008722342,163.117288114749,159.026097691126,167.273096888537
"Above 4.5 pop","commune8310",1.13660434816204,0.0090935967911342,35208,155971.008722342,211.616895457877,206.112011136869,217.220775408867
"Above 4.5 pop","commune8311",1.20765984053143,0.0076318318927285,35208,155971.008722342,234.564613894978,229.597309807361,239.606779363937
"Above 4.5 pop","commune8312",1.18223805707518,0.00678443953244215,35208,155971.008722342,226.166583460011,221.858092402372,230.532749299275
"Above 4.5 pop","commune8313",1.08634589551133,0.00679127954785298,35208,155971.008722342,196.342559712653,192.424108119397,200.313518135758
"Above 4.5 pop","commune9102",1.03997894045548,0.00840852825230083,35208,155971.008722342,182.915743295726,178.291301184059,187.617031017562
"Above 4.5 pop","commune9103",1.09707229356979,0.00832910984481217,35208,155971.008722342,199.538357025698,194.688075063848,204.468469958328
"Above 4.5 pop","commune9104",0.906629460775175,0.0103042806447968,35208,155971.008722342,147.596312261382,142.645918867146,152.647702181223
"Above 4.5 pop","commune9105",1.09685145388635,0.00829247042982885,35208,155971.008722342,199.472214373485,194.64416202422,204.379379403372
"Above 4.5 pop","commune9106",1.08582988004582,0.0078022306838757,35208,155971.008722342,196.189681815825,191.694696072908,200.753934834086
"Above 4.5 pop","commune9107",1.14738813414805,0.0088506072535157,35208,155971.008722342,214.995489645102,209.578325106618,220.507446581042
"Above 4.5 pop","commune9109",1.06419250222177,0.00922040709276178,35208,155971.008722342,189.849750852039,184.658634963375,195.13553340758
"Above 4.5 pop","commune9110",1.01824871680347,0.00843085678313209,35208,155971.008722342,176.834236477624,172.297283498895,181.446783094551
"Above 4.5 pop","commune9111",1.20984753027571,0.00767953795764667,35208,155971.008722342,235.297338664591,230.288271080215,240.382372488951
"Above 4.5 pop","commune9113",1.0678354087688,0.00780722312554441,35208,155971.008722342,190.907572009041,186.489944392054,195.393318714129
"Above 4.5 pop","commune9114",1.05157140920816,0.00831835891467933,35208,155971.008722342,186.214518743001,181.58591681516,190.919203864379
"Above 4.5 pop","commune9116",1.14749729520069,0.00897544657385336,35208,155971.008722342,215.02987676116,209.536372651819,220.620876964872
"Above 4.5 pop","commune9117",0.99052963895111,0.00827538566178423,35208,155971.008722342,169.266023248811,164.933822674276,173.669064011392
"Above 4.5 pop","commune9118",1.03568418889029,0.00909049174898521,35208,155971.008722342,181.703295908169,176.728535953396,186.767487321546
"Above 4.5 pop","commune9121",0.888479075078313,0.00772715311356491,35208,155971.008722342,143.142881697466,139.48817476697,146.853361247052
"Above 4.5 pop","commune9201",1.20929897557865,0.00677874846922767,35208,155971.008722342,235.113460172871,230.690474184575,239.595603610745
"Above 4.5 pop","commune9203",1.08840684949704,0.00837158167349862,35208,155971.008722342,196.953937886969,192.12118561617,201.866641546647
"Above 4.5 pop","commune9204",1.08563853883329,0.00795200454786335,35208,155971.008722342,196.13301394459,191.55328818924,200.784678137418
"Above 4.5 pop","commune9206",1.09702205728656,0.00741201461475787,35208,155971.008722342,199.52330970992,195.203424901754,203.906409925435
"Above 4.5 pop","commune9207",0.947946763698382,0.00857753598097374,35208,155971.008722342,158.040603304014,153.73869538679,162.415446142338
"Above 4.5 pop","commune9208",1.08812890067379,0.00855587019053672,35208,155971.008722342,196.871411358981,191.934534755106,201.891775004299
"Above 4.5 pop","commune9210",1.30612243727993,0.00740932180898367,35208,155971.008722342,269.1830617286,263.860427264222,274.583556920659
"Above 4.5 pop","commune9211",1.18366540173899,0.00741179721383899,35208,155971.008722342,226.632468002236,221.921737637628,231.412131209749
"Above 4.5 pop","commune10102",0.996971609643454,0.0110302017248644,35208,155971.008722342,171.006226229272,165.210168477189,176.928954409034
"Above 4.5 pop","commune10103",0.900307027192528,0.0116619528844427,35208,155971.008722342,146.035839213487,140.475878093284,151.724350306781
"Above 4.5 pop","commune10104",1.12929938140682,0.00953326107214821,35208,155971.008722342,209.348838522211,203.622263856522,215.183421266705
"Above 4.5 pop","commune10106",0.963848761396885,0.00997643439542072,35208,155971.008722342,162.176763831376,157.100005578584,167.353768967863
"Above 4.5 pop","commune10108",1.05388560182388,0.0106068707428553,35208,155971.008722342,186.87764126947,180.975175258673,192.904100814488
"Above 4.5 pop","commune10204",0.94345152328867,0.0107387966031468,35208,155971.008722342,156.883251991789,151.532867763799,162.347444851
"Above 4.5 pop","commune10205",0.955802292742653,0.0105292516283538,35208,155971.008722342,160.075631404034,154.763367958635,165.498664867663
"Above 4.5 pop","commune10206",1.0064474583592,0.0110581117719121,35208,155971.008722342,173.586445808408,167.720558743442,179.580857299068
"Above 4.5 pop","commune10207",1.01980946332976,0.0115099605357482,35208,155971.008722342,177.266641900418,171.081666171197,183.592733498194
"Above 4.5 pop","commune10209",1.01721007949749,0.0108730379786601,35208,155971.008722342,176.546855380245,170.715677889415,182.503635611171
"Above 4.5 pop","commune10210",1.14772230690554,0.0111020594072685,35208,155971.008722342,215.10077014643,208.318227716779,222.032518421453
"Above 4.5 pop","commune10303",1.13555493634768,0.00902338076117191,35208,155971.008722342,211.290052532637,205.833028963032,216.844446573771
"Above 4.5 pop","commune10304",1.01267180607246,0.00978026584713609,35208,155971.008722342,175.294653701683,170.067700726821,180.622770337835
"Above 4.5 pop","commune10305",1.02018773640338,0.00889176693682169,35208,155971.008722342,177.371544244879,172.579430361804,182.247906434724
"Above 4.5 pop","commune10306",0.91528560281224,0.0104481190615647,35208,155971.008722342,149.748843977775,144.686420748101,154.916005872054
"Above 4.5 pop","commune10307",1.03987366381306,0.00852583112384733,35208,155971.008722342,182.885960443932,178.198036279113,187.652880971446
"Above 4.5 pop","commune10404",1.12503570837848,0.011657145532759,35208,155971.008722342,208.032684043087,201.074544165515,215.151633632055
"Above 4.5 pop","commune11402",0.918957145728895,0.0120944067956607,35208,155971.008722342,150.667492974466,144.795286117668,156.680563709471
"Above 4.5 pop","commune12401",0.979977075162855,0.0155421730789967,35208,155971.008722342,166.439516040414,158.445438468587,174.680861571787
"Above 4.5 pop","commune13104",1.17532512654147,0.00328121248150893,35208,155971.008722342,223.919592122025,221.843092390124,226.009489224379
"Above 4.5 pop","commune13106",1.2068269786557,0.00351176376337145,35208,155971.008722342,234.286083787748,231.993074137604,236.594930796155
"Above 4.5 pop","commune13108",1.64982420527997,0.00335006222876009,35208,155971.008722342,420.606454807189,417.199287506798,424.036067592895
"Above 4.5 pop","commune13109",1.31940567707565,0.0033452466284004,35208,155971.008722342,274.119723711504,271.674763307273,276.580767616604
"Above 4.5 pop","commune13113",1.22859614344359,0.00352291009938094,35208,155971.008722342,241.642999049935,239.292112671866,244.010174243913
"Above 4.5 pop","commune13114",1.08634561694843,0.00353253326788202,35208,155971.008722342,196.342477162622,194.297758175947,198.401402427185
"Above 4.5 pop","commune13118",1.09599780878271,0.00342486947644346,35208,155971.008722342,199.216680467159,197.214841870881,201.232002097259
"Above 4.5 pop","commune13120",1.20753458630146,0.00351566912552644,35208,155971.008722342,234.522710886206,232.225535077347,236.835770533422
"Above 4.5 pop","commune13121",1.23745866556796,0.00358921761865467,35208,155971.008722342,244.684274466771,242.267975734645,247.117631468957
"Above 4.5 pop","commune13123",1.22712787351651,0.00376777385297228,35208,155971.008722342,241.141742988284,238.631746272129,243.670344231582
"Above 4.5 pop","commune13126",1.35285101555644,0.00335907165290439,35208,155971.008722342,286.843880293812,284.305350851383,289.399177995429
"Above 4.5 pop","commune13127",1.30949205536587,0.00333439383149981,35208,155971.008722342,270.429165918974,268.016152343776,272.85800117612
"Above 4.5 pop","commune13129",1.18140560518785,0.00343745038619268,35208,155971.008722342,225.895178453506,223.706871410411,228.098278780703
"Above 4.5 pop","commune13130",1.4940247103838,0.00345140286483358,35208,155971.008722342,345.498952836117,342.495434445211,348.52285815539
"Above 4.5 pop","commune13132",0.985930323161203,0.00362735489078465,35208,155971.008722342,168.030427402259,166.131592090961,169.942810806481
"Above 4.5 pop","commune13505",0.79592626424406,0.00414924294581594,35208,155971.008722342,121.64931045703,119.854053726545,123.459226670357
"Above 4.5 pop","commune14102",0.847821307275059,0.0108664379845881,35208,155971.008722342,133.455502912353,128.535892052084,138.481016485755
"Above 4.5 pop","commune14103",1.09121383095203,0.00889326543845413,35208,155971.008722342,197.788653050525,192.642935790384,203.024850561112
"Above 4.5 pop","commune14105",1.0579518876707,0.00869211597340121,35208,155971.008722342,188.046542694977,183.18078964686,192.995901529894
"Above 4.5 pop","commune14106",1.07734179029881,0.00902708537590088,35208,155971.008722342,193.686236977262,188.535719377108,198.928694083577
"Above 4.5 pop","commune14107",1.16943097302294,0.00870425257194883,35208,155971.008722342,222.01597593256,216.56887231753,227.556806190946
"Above 4.5 pop","commune14108",1.12522775594567,0.00953178548429575,35208,155971.008722342,208.091846651508,202.389415604377,213.901813604889
"Above 4.5 pop","commune14201",1.11517703271516,0.00835526170606416,35208,155971.008722342,205.010810030794,200.056534657225,210.046886137366
"Above 4.5 pop","commune14203",0.976306449868589,0.0100170825821395,35208,155971.008722342,165.463309154364,160.302171430399,170.726779265567
"Above 4.5 pop","commune14204",1.07246116446362,0.00861424059575527,35208,155971.008722342,192.256356535715,187.363348846916,197.232678691507
"Above 4.5 pop","commune15201",-0.373949824405376,0.00315893014309779,35208,155971.008722342,-31.1988567654345,-31.6235232372059,-30.7715528133368
"Above 4.5 pop","commune16102",1.18953098909803,0.00619673984036422,35208,155971.008722342,228.553989193632,224.587636195021,232.568809707192
"Above 4.5 pop","commune16104",1.18293307249253,0.00717238687654684,35208,155971.008722342,226.393353059196,221.837056001716,231.014154319934
"Above 4.5 pop","commune16105",1.04490513735921,0.00715058967314111,35208,155971.008722342,184.312880415236,180.355984139737,188.32562364611
"Above 4.5 pop","commune16106",1.11696931045815,0.00766247781705772,35208,155971.008722342,205.557964296724,201.003243345429,210.181606375623
"Above 4.5 pop","commune16107",0.931739183345845,0.00662907222714899,35208,155971.008722342,153.892098913196,150.614621760425,157.21243811612
"Above 4.5 pop","commune16108",1.04687519138564,0.00697807584451995,35208,155971.008722342,184.873544237741,181.003843933401,188.796534134978
"Above 4.5 pop","commune16109",1.09008174723921,0.00708566739587893,35208,155971.008722342,197.451722119537,193.349292956804,201.611522905245
"Above 4.5 pop","commune16201",1.17280630305768,0.00676860062232634,35208,155971.008722342,223.104722533684,218.846575271184,227.419736701823
"Above 4.5 pop","commune16202",0.914995642676007,0.00908643254456724,35208,155971.008722342,149.676437266988,145.269209328521,154.16285842402
"Above 4.5 pop","commune16203",1.11767706136007,0.00783630389060678,35208,155971.008722342,205.774299768327,201.11374740615,210.506986825476
"Above 4.5 pop","commune16204",0.985351755912479,0.00668383244934337,35208,155971.008722342,167.875398626914,164.389033529457,171.40773666595
"Above 4.5 pop","commune16205",1.09962015800068,0.00679174336568841,35208,155971.008722342,200.302513221061,196.331430922771,204.326811253406
"Above 4.5 pop","commune16206",1.0105208470028,0.00686845830199292,35208,155971.008722342,174.703142555666,171.029820811066,178.426249569648
"Above 4.5 pop","commune16207",1.0093570101359,0.00787956282900144,35208,155971.008722342,174.383618883688,170.178608424639,178.654075356631
"Above 4.5 pop","commune16301",1.18943289082133,0.00658345028126875,35208,155971.008722342,228.52176019432,224.30989160727,232.788329046314
"Above 4.5 pop","commune16303",1.03130850569233,0.00689781377464613,35208,155971.008722342,180.47334443091,176.706942459444,184.291012856642
"Above 4.5 pop","commune16304",0.84899133584342,0.00793208549641887,35208,155971.008722342,133.728812378964,130.123157788928,137.390961696204
"Above 4.5 pop","commune16305",0.925011419506473,0.00632597865318906,35208,155971.008722342,152.18970590135,149.082131468892,155.336050753816
