CODIGO_COMUNA_RESIDENCIA,Year,Quarter,Mortality_Count
1101,2015,1,114
1101,2015,2,111
1101,2015,3,126
1101,2015,4,111
1101,2016,1,101
1101,2016,2,137
1101,2016,3,127
1101,2016,4,124
1101,2017,1,117
1101,2017,2,129
1101,2017,3,124
1101,2017,4,121
1101,2018,1,97
1101,2018,2,118
1101,2018,3,136
1101,2018,4,98
1101,2019,1,116
1101,2019,2,144
1101,2019,3,130
1101,2019,4,105
1107,2015,1,25
1107,2015,2,17
1107,2015,3,22
1107,2015,4,26
1107,2016,1,21
1107,2016,2,21
1107,2016,3,33
1107,2016,4,20
1107,2017,1,23
1107,2017,2,19
1107,2017,3,21
1107,2017,4,24
1107,2018,1,14
1107,2018,2,16
1107,2018,3,23
1107,2018,4,24
1107,2019,1,20
1107,2019,2,24
1107,2019,3,26
1107,2019,4,23
1401,2015,1,5
1401,2015,2,4
1401,2015,3,11
1401,2015,4,5
1401,2016,1,6
1401,2016,2,1
1401,2016,3,5
1401,2016,4,7
1401,2017,1,2
1401,2017,2,2
1401,2017,3,6
1401,2017,4,1
1401,2018,1,3
1401,2018,2,7
1401,2018,3,5
1401,2018,4,1
1401,2019,1,6
1401,2019,2,10
1401,2019,3,4
1401,2019,4,4
1402,2015,2,1
1402,2016,2,1
1402,2016,4,1
1402,2017,2,3
1402,2017,4,1
1402,2018,1,1
1402,2018,2,1
1402,2018,3,1
1403,2015,1,1
1403,2016,1,2
1403,2016,4,1
1403,2017,4,1
1403,2018,1,2
1403,2019,2,1
1404,2015,2,1
1404,2015,4,1
1404,2016,1,2
1404,2016,4,1
1404,2017,1,1
1404,2017,2,3
1404,2017,3,1
1404,2017,4,4
1404,2018,1,1
1404,2018,2,2
1404,2018,3,1
1404,2018,4,2
1404,2019,2,2
1404,2019,3,2
1404,2019,4,2
1405,2015,1,1
1405,2015,2,3
1405,2015,3,2
1405,2015,4,5
1405,2016,1,5
1405,2016,2,3
1405,2016,3,6
1405,2016,4,3
1405,2017,1,3
1405,2017,2,3
1405,2017,3,1
1405,2017,4,3
1405,2018,1,4
1405,2018,2,3
1405,2018,3,2
1405,2018,4,7
1405,2019,1,2
1405,2019,2,3
1405,2019,3,4
1405,2019,4,4
2101,2015,1,203
2101,2015,2,233
2101,2015,3,214
2101,2015,4,171
2101,2016,1,215
2101,2016,2,223
2101,2016,3,229
2101,2016,4,188
2101,2017,1,236
2101,2017,2,219
2101,2017,3,224
2101,2017,4,212
2101,2018,1,196
2101,2018,2,243
2101,2018,3,237
2101,2018,4,228
2101,2019,1,199
2101,2019,2,222
2101,2019,3,235
2101,2019,4,236
2102,2015,1,3
2102,2015,2,4
2102,2015,3,2
2102,2015,4,7
2102,2016,1,3
2102,2016,2,5
2102,2016,3,2
2102,2016,4,4
2102,2017,1,6
2102,2017,2,3
2102,2017,3,3
2102,2017,4,4
2102,2018,1,7
2102,2018,2,7
2102,2018,3,4
2102,2018,4,7
2102,2019,1,3
2102,2019,2,3
2102,2019,3,6
2102,2019,4,12
2103,2016,4,1
2104,2015,1,8
2104,2015,2,10
2104,2015,3,9
2104,2015,4,15
2104,2016,1,6
2104,2016,2,4
2104,2016,3,12
2104,2016,4,8
2104,2017,1,7
2104,2017,2,8
2104,2017,3,7
2104,2017,4,6
2104,2018,1,7
2104,2018,2,7
2104,2018,3,13
2104,2018,4,10
2104,2019,1,8
2104,2019,2,10
2104,2019,3,9
2104,2019,4,8
2201,2015,1,52
2201,2015,2,71
2201,2015,3,71
2201,2015,4,56
2201,2016,1,53
2201,2016,2,77
2201,2016,3,64
2201,2016,4,64
2201,2017,1,66
2201,2017,2,74
2201,2017,3,69
2201,2017,4,72
2201,2018,1,67
2201,2018,2,71
2201,2018,3,102
2201,2018,4,65
2201,2019,1,64
2201,2019,2,69
2201,2019,3,68
2201,2019,4,72
2203,2015,1,1
2203,2015,2,2
2203,2015,3,4
2203,2015,4,3
2203,2016,1,2
2203,2016,2,1
2203,2016,3,4
2203,2017,1,3
2203,2017,2,4
2203,2017,3,1
2203,2017,4,6
2203,2018,1,1
2203,2018,2,5
2203,2018,3,4
2203,2018,4,4
2203,2019,1,3
2203,2019,2,3
2203,2019,3,2
2203,2019,4,2
2301,2015,1,27
2301,2015,2,22
2301,2015,3,21
2301,2015,4,26
2301,2016,1,17
2301,2016,2,13
2301,2016,3,24
2301,2016,4,17
2301,2017,1,17
2301,2017,2,18
2301,2017,3,29
2301,2017,4,21
2301,2018,1,22
2301,2018,2,25
2301,2018,3,26
2301,2018,4,24
2301,2019,1,20
2301,2019,2,20
2301,2019,3,28
2301,2019,4,22
2302,2015,1,1
2302,2015,2,1
2302,2015,3,1
2302,2016,3,1
2302,2016,4,1
2302,2017,3,1
2302,2018,2,1
2302,2018,3,2
2302,2018,4,2
2302,2019,2,1
2302,2019,3,2
2302,2019,4,1
3101,2015,1,92
3101,2015,2,90
3101,2015,3,91
3101,2015,4,84
3101,2016,1,74
3101,2016,2,84
3101,2016,3,102
3101,2016,4,85
3101,2017,1,109
3101,2017,2,84
3101,2017,3,118
3101,2017,4,98
3101,2018,1,90
3101,2018,2,112
3101,2018,3,118
3101,2018,4,101
3101,2019,1,86
3101,2019,2,98
3101,2019,3,118
3101,2019,4,94
3102,2015,1,6
3102,2015,2,2
3102,2015,3,9
3102,2015,4,13
3102,2016,1,10
3102,2016,2,7
3102,2016,3,6
3102,2016,4,15
3102,2017,1,12
3102,2017,2,9
3102,2017,3,16
3102,2017,4,8
3102,2018,1,4
3102,2018,2,3
3102,2018,3,11
3102,2018,4,12
3102,2019,1,8
3102,2019,2,4
3102,2019,3,17
3102,2019,4,8
3103,2015,1,5
3103,2015,2,7
3103,2015,3,9
3103,2015,4,6
3103,2016,1,4
3103,2016,2,11
3103,2016,3,6
3103,2016,4,4
3103,2017,1,1
3103,2017,2,6
3103,2017,3,2
3103,2017,4,4
3103,2018,1,8
3103,2018,2,7
3103,2018,3,8
3103,2018,4,11
3103,2019,1,4
3103,2019,2,5
3103,2019,3,8
3103,2019,4,5
3201,2015,1,14
3201,2015,2,12
3201,2015,3,11
3201,2015,4,12
3201,2016,1,8
3201,2016,2,9
3201,2016,3,9
3201,2016,4,8
3201,2017,1,6
3201,2017,2,8
3201,2017,3,14
3201,2017,4,10
3201,2018,1,12
3201,2018,2,7
3201,2018,3,14
3201,2018,4,15
3201,2019,1,12
3201,2019,2,11
3201,2019,3,2
3201,2019,4,10
3202,2015,1,6
3202,2015,2,5
3202,2015,3,12
3202,2015,4,8
3202,2016,1,2
3202,2016,2,8
3202,2016,3,6
3202,2016,4,6
3202,2017,1,3
3202,2017,2,3
3202,2017,3,10
3202,2017,4,5
3202,2018,1,5
3202,2018,2,8
3202,2018,3,5
3202,2018,4,2
3202,2019,1,8
3202,2019,2,5
3202,2019,3,6
3202,2019,4,8
3301,2015,1,43
3301,2015,2,50
3301,2015,3,55
3301,2015,4,52
3301,2016,1,42
3301,2016,2,41
3301,2016,3,44
3301,2016,4,51
3301,2017,1,36
3301,2017,2,45
3301,2017,3,63
3301,2017,4,62
3301,2018,1,25
3301,2018,2,47
3301,2018,3,46
3301,2018,4,43
3301,2019,1,33
3301,2019,2,48
3301,2019,3,51
3301,2019,4,39
3302,2015,1,2
3302,2015,2,4
3302,2015,3,3
3302,2015,4,6
3302,2016,1,4
3302,2016,2,5
3302,2016,3,3
3302,2016,4,4
3302,2017,1,2
3302,2017,2,6
3302,2017,3,9
3302,2017,4,3
3302,2018,1,3
3302,2018,2,7
3302,2018,3,7
3302,2018,4,5
3302,2019,1,5
3302,2019,2,3
3302,2019,3,10
3302,2019,4,4
3303,2015,1,2
3303,2015,2,4
3303,2015,3,7
3303,2015,4,3
3303,2016,1,1
3303,2016,2,9
3303,2016,3,3
3303,2016,4,5
3303,2017,1,6
3303,2017,2,5
3303,2017,3,6
3303,2017,4,11
3303,2018,1,4
3303,2018,2,6
3303,2018,3,7
3303,2018,4,4
3303,2019,1,6
3303,2019,2,4
3303,2019,3,4
3303,2019,4,9
3304,2015,1,5
3304,2015,2,4
3304,2015,3,9
3304,2015,4,6
3304,2016,1,7
3304,2016,2,6
3304,2016,3,8
3304,2016,4,14
3304,2017,1,3
3304,2017,2,8
3304,2017,3,11
3304,2017,4,8
3304,2018,1,4
3304,2018,2,6
3304,2018,3,14
3304,2018,4,12
3304,2019,1,4
3304,2019,2,4
3304,2019,3,11
3304,2019,4,7
4101,2015,1,126
4101,2015,2,143
4101,2015,3,170
4101,2015,4,134
4101,2016,1,152
4101,2016,2,136
4101,2016,3,167
4101,2016,4,163
4101,2017,1,139
4101,2017,2,146
4101,2017,3,212
4101,2017,4,158
4101,2018,1,131
4101,2018,2,196
4101,2018,3,202
4101,2018,4,149
4101,2019,1,129
4101,2019,2,176
4101,2019,3,178
4101,2019,4,160
4102,2015,1,139
4102,2015,2,115
4102,2015,3,152
4102,2015,4,120
4102,2016,1,132
4102,2016,2,133
4102,2016,3,167
4102,2016,4,141
4102,2017,1,133
4102,2017,2,141
4102,2017,3,200
4102,2017,4,165
4102,2018,1,156
4102,2018,2,166
4102,2018,3,197
4102,2018,4,138
4102,2019,1,164
4102,2019,2,200
4102,2019,3,185
4102,2019,4,165
4103,2015,1,12
4103,2015,2,5
4103,2015,3,17
4103,2015,4,4
4103,2016,1,6
4103,2016,2,12
4103,2016,3,6
4103,2016,4,10
4103,2017,1,12
4103,2017,2,12
4103,2017,3,13
4103,2017,4,9
4103,2018,1,9
4103,2018,2,10
4103,2018,3,16
4103,2018,4,4
4103,2019,1,9
4103,2019,2,11
4103,2019,3,9
4103,2019,4,8
4104,2015,1,1
4104,2015,2,2
4104,2015,3,3
4104,2015,4,4
4104,2016,1,1
4104,2016,2,5
4104,2016,3,3
4104,2016,4,3
4104,2017,1,1
4104,2017,2,1
4104,2017,3,2
4104,2017,4,1
4104,2018,1,1
4104,2018,2,2
4104,2018,3,1
4104,2018,4,1
4104,2019,2,3
4104,2019,3,2
4104,2019,4,2
4105,2015,1,6
4105,2015,2,3
4105,2015,3,2
4105,2015,4,3
4105,2016,1,3
4105,2016,2,2
4105,2016,3,1
4105,2016,4,2
4105,2017,1,8
4105,2017,2,2
4105,2017,3,4
4105,2017,4,9
4105,2018,1,3
4105,2018,2,4
4105,2018,3,4
4105,2018,4,5
4105,2019,1,6
4105,2019,2,4
4105,2019,3,3
4105,2019,4,7
4106,2015,1,16
4106,2015,2,16
4106,2015,3,26
4106,2015,4,24
4106,2016,1,19
4106,2016,2,25
4106,2016,3,38
4106,2016,4,19
4106,2017,1,16
4106,2017,2,19
4106,2017,3,30
4106,2017,4,25
4106,2018,1,19
4106,2018,2,30
4106,2018,3,27
4106,2018,4,24
4106,2019,1,21
4106,2019,2,22
4106,2019,3,28
4106,2019,4,21
4201,2015,1,23
4201,2015,2,31
4201,2015,3,26
4201,2015,4,22
4201,2016,1,22
4201,2016,2,29
4201,2016,3,36
4201,2016,4,39
4201,2017,1,18
4201,2017,2,21
4201,2017,3,38
4201,2017,4,32
4201,2018,1,21
4201,2018,2,39
4201,2018,3,36
4201,2018,4,24
4201,2019,1,25
4201,2019,2,29
4201,2019,3,42
4201,2019,4,30
4202,2015,1,8
4202,2015,2,10
4202,2015,3,10
4202,2015,4,6
4202,2016,1,6
4202,2016,2,13
4202,2016,3,9
4202,2016,4,18
4202,2017,1,8
4202,2017,2,14
4202,2017,3,13
4202,2017,4,8
4202,2018,1,12
4202,2018,2,10
4202,2018,3,11
4202,2018,4,14
4202,2019,1,9
4202,2019,2,12
4202,2019,3,15
4202,2019,4,10
4203,2015,1,10
4203,2015,2,17
4203,2015,3,19
4203,2015,4,16
4203,2016,1,15
4203,2016,2,13
4203,2016,3,18
4203,2016,4,13
4203,2017,1,21
4203,2017,2,17
4203,2017,3,24
4203,2017,4,18
4203,2018,1,13
4203,2018,2,17
4203,2018,3,11
4203,2018,4,12
4203,2019,1,11
4203,2019,2,22
4203,2019,3,25
4203,2019,4,18
4204,2015,1,11
4204,2015,2,20
4204,2015,3,25
4204,2015,4,21
4204,2016,1,17
4204,2016,2,25
4204,2016,3,39
4204,2016,4,21
4204,2017,1,17
4204,2017,2,28
4204,2017,3,20
4204,2017,4,20
4204,2018,1,28
4204,2018,2,21
4204,2018,3,23
4204,2018,4,16
4204,2019,1,25
4204,2019,2,37
4204,2019,3,26
4204,2019,4,28
4301,2015,1,71
4301,2015,2,82
4301,2015,3,91
4301,2015,4,92
4301,2016,1,63
4301,2016,2,87
4301,2016,3,103
4301,2016,4,99
4301,2017,1,78
4301,2017,2,112
4301,2017,3,127
4301,2017,4,109
4301,2018,1,95
4301,2018,2,101
4301,2018,3,135
4301,2018,4,85
4301,2019,1,94
4301,2019,2,86
4301,2019,3,108
4301,2019,4,101
4302,2015,1,10
4302,2015,2,17
4302,2015,3,22
4302,2015,4,15
4302,2016,1,15
4302,2016,2,23
4302,2016,3,22
4302,2016,4,24
4302,2017,1,12
4302,2017,2,19
4302,2017,3,27
4302,2017,4,12
4302,2018,1,20
4302,2018,2,19
4302,2018,3,21
4302,2018,4,16
4302,2019,1,12
4302,2019,2,23
4302,2019,3,23
4302,2019,4,19
4303,2015,1,25
4303,2015,2,28
4303,2015,3,35
4303,2015,4,30
4303,2016,1,17
4303,2016,2,22
4303,2016,3,40
4303,2016,4,26
4303,2017,1,20
4303,2017,2,19
4303,2017,3,29
4303,2017,4,24
4303,2018,1,31
4303,2018,2,17
4303,2018,3,33
4303,2018,4,22
4303,2019,1,27
4303,2019,2,28
4303,2019,3,19
4303,2019,4,24
4304,2015,1,7
4304,2015,2,7
4304,2015,3,18
4304,2015,4,7
4304,2016,1,6
4304,2016,2,8
4304,2016,3,11
4304,2016,4,8
4304,2017,1,10
4304,2017,2,9
4304,2017,3,12
4304,2017,4,4
4304,2018,1,7
4304,2018,2,15
4304,2018,3,11
4304,2018,4,9
4304,2019,1,8
4304,2019,2,14
4304,2019,3,8
4304,2019,4,7
4305,2015,1,6
4305,2015,2,9
4305,2015,3,4
4305,2015,4,4
4305,2016,1,4
4305,2016,2,7
4305,2016,3,5
4305,2016,4,6
4305,2017,1,5
4305,2017,2,9
4305,2017,3,5
4305,2017,4,10
4305,2018,1,6
4305,2018,2,7
4305,2018,3,5
4305,2018,4,3
4305,2019,1,3
4305,2019,2,8
4305,2019,3,5
4305,2019,4,4
5101,2015,1,273
5101,2015,2,265
5101,2015,3,306
5101,2015,4,283
5101,2016,1,247
5101,2016,2,314
5101,2016,3,369
5101,2016,4,254
5101,2017,1,253
5101,2017,2,337
5101,2017,3,345
5101,2017,4,281
5101,2018,1,265
5101,2018,2,333
5101,2018,3,375
5101,2018,4,275
5101,2019,1,254
5101,2019,2,312
5101,2019,3,357
5101,2019,4,281
5102,2015,1,18
5102,2015,2,20
5102,2015,3,31
5102,2015,4,11
5102,2016,1,13
5102,2016,2,22
5102,2016,3,33
5102,2016,4,24
5102,2017,1,26
5102,2017,2,32
5102,2017,3,26
5102,2017,4,30
5102,2018,1,13
5102,2018,2,28
5102,2018,3,22
5102,2018,4,19
5102,2019,1,22
5102,2019,2,22
5102,2019,3,31
5102,2019,4,23
5103,2015,1,21
5103,2015,2,20
5103,2015,3,37
5103,2015,4,27
5103,2016,1,26
5103,2016,2,20
5103,2016,3,34
5103,2016,4,27
5103,2017,1,28
5103,2017,2,35
5103,2017,3,26
5103,2017,4,18
5103,2018,1,31
5103,2018,2,34
5103,2018,3,30
5103,2018,4,26
5103,2019,1,26
5103,2019,2,25
5103,2019,3,26
5103,2019,4,27
5104,2015,1,3
5104,2015,2,1
5104,2015,3,1
5104,2015,4,1
5104,2016,2,1
5104,2016,3,1
5104,2017,2,1
5104,2017,4,1
5104,2018,3,1
5104,2019,2,1
5105,2015,1,10
5105,2015,2,13
5105,2015,3,12
5105,2015,4,18
5105,2016,1,15
5105,2016,2,21
5105,2016,3,17
5105,2016,4,9
5105,2017,1,13
5105,2017,2,27
5105,2017,3,22
5105,2017,4,11
5105,2018,1,13
5105,2018,2,17
5105,2018,3,20
5105,2018,4,15
5105,2019,1,14
5105,2019,2,18
5105,2019,3,24
5105,2019,4,13
5107,2015,1,22
5107,2015,2,24
5107,2015,3,25
5107,2015,4,28
5107,2016,1,30
5107,2016,2,26
5107,2016,3,28
5107,2016,4,23
5107,2017,1,17
5107,2017,2,19
5107,2017,3,28
5107,2017,4,27
5107,2018,1,24
5107,2018,2,16
5107,2018,3,36
5107,2018,4,22
5107,2019,1,33
5107,2019,2,24
5107,2019,3,32
5107,2019,4,26
5109,2015,1,335
5109,2015,2,352
5109,2015,3,407
5109,2015,4,343
5109,2016,1,337
5109,2016,2,344
5109,2016,3,435
5109,2016,4,345
5109,2017,1,314
5109,2017,2,362
5109,2017,3,428
5109,2017,4,350
5109,2018,1,331
5109,2018,2,388
5109,2018,3,474
5109,2018,4,390
5109,2019,1,353
5109,2019,2,425
5109,2019,3,437
5109,2019,4,369
5201,2015,1,3
5201,2015,2,8
5201,2015,3,2
5201,2016,1,2
5201,2016,2,2
5201,2016,3,2
5201,2016,4,3
5201,2017,1,3
5201,2017,2,3
5201,2017,3,5
5201,2017,4,2
5201,2018,1,2
5201,2018,2,1
5201,2018,3,2
5201,2018,4,3
5201,2019,1,3
5201,2019,2,4
5201,2019,3,3
5201,2019,4,5
5301,2015,1,48
5301,2015,2,44
5301,2015,3,67
5301,2015,4,54
5301,2016,1,56
5301,2016,2,45
5301,2016,3,64
5301,2016,4,54
5301,2017,1,59
5301,2017,2,70
5301,2017,3,64
5301,2017,4,53
5301,2018,1,40
5301,2018,2,57
5301,2018,3,74
5301,2018,4,60
5301,2019,1,45
5301,2019,2,59
5301,2019,3,85
5301,2019,4,55
5302,2015,1,5
5302,2015,2,5
5302,2015,3,6
5302,2015,4,4
5302,2016,1,9
5302,2016,2,7
5302,2016,3,7
5302,2016,4,9
5302,2017,1,7
5302,2017,2,8
5302,2017,3,9
5302,2017,4,13
5302,2018,1,8
5302,2018,2,11
5302,2018,3,12
5302,2018,4,11
5302,2019,1,6
5302,2019,2,7
5302,2019,3,12
5302,2019,4,9
5303,2015,1,11
5303,2015,2,8
5303,2015,3,6
5303,2015,4,6
5303,2016,1,4
5303,2016,2,6
5303,2016,3,11
5303,2016,4,8
5303,2017,1,8
5303,2017,2,7
5303,2017,3,4
5303,2017,4,7
5303,2018,1,4
5303,2018,2,5
5303,2018,3,10
5303,2018,4,3
5303,2019,1,9
5303,2019,2,6
5303,2019,3,8
5303,2019,4,5
5304,2015,1,10
5304,2015,2,12
5304,2015,3,16
5304,2015,4,9
5304,2016,1,12
5304,2016,2,20
5304,2016,3,20
5304,2016,4,5
5304,2017,1,7
5304,2017,2,18
5304,2017,3,13
5304,2017,4,13
5304,2018,1,8
5304,2018,2,13
5304,2018,3,19
5304,2018,4,11
5304,2019,1,16
5304,2019,2,19
5304,2019,3,24
5304,2019,4,16
5401,2015,1,31
5401,2015,2,33
5401,2015,3,45
5401,2015,4,22
5401,2016,1,16
5401,2016,2,31
5401,2016,3,39
5401,2016,4,29
5401,2017,1,24
5401,2017,2,19
5401,2017,3,33
5401,2017,4,33
5401,2018,1,22
5401,2018,2,35
5401,2018,3,41
5401,2018,4,26
5401,2019,1,31
5401,2019,2,24
5401,2019,3,44
5401,2019,4,29
5402,2015,1,6
5402,2015,2,16
5402,2015,3,16
5402,2015,4,13
5402,2016,1,16
5402,2016,2,17
5402,2016,3,16
5402,2016,4,15
5402,2017,1,15
5402,2017,2,20
5402,2017,3,23
5402,2017,4,20
5402,2018,1,22
5402,2018,2,16
5402,2018,3,24
5402,2018,4,18
5402,2019,1,7
5402,2019,2,17
5402,2019,3,22
5402,2019,4,21
5403,2015,1,5
5403,2015,2,6
5403,2015,3,3
5403,2015,4,5
5403,2016,1,4
5403,2016,2,5
5403,2016,3,9
5403,2016,4,5
5403,2017,1,5
5403,2017,2,7
5403,2017,3,8
5403,2017,4,4
5403,2018,1,4
5403,2018,2,9
5403,2018,3,4
5403,2018,4,7
5403,2019,1,4
5403,2019,2,3
5403,2019,3,5
5403,2019,4,6
5404,2015,1,10
5404,2015,2,5
5404,2015,3,7
5404,2015,4,4
5404,2016,1,12
5404,2016,2,9
5404,2016,3,14
5404,2016,4,8
5404,2017,1,15
5404,2017,2,8
5404,2017,3,13
5404,2017,4,14
5404,2018,1,4
5404,2018,2,8
5404,2018,3,17
5404,2018,4,16
5404,2019,1,8
5404,2019,2,13
5404,2019,3,4
5404,2019,4,12
5405,2015,1,4
5405,2015,2,7
5405,2015,3,6
5405,2015,4,6
5405,2016,1,4
5405,2016,2,7
5405,2016,3,4
5405,2016,4,6
5405,2017,1,9
5405,2017,2,8
5405,2017,3,7
5405,2017,4,4
5405,2018,1,4
5405,2018,2,4
5405,2018,3,4
5405,2018,4,7
5405,2019,1,9
5405,2019,2,6
5405,2019,3,12
5405,2019,4,5
5501,2015,1,79
5501,2015,2,82
5501,2015,3,116
5501,2015,4,91
5501,2016,1,76
5501,2016,2,91
5501,2016,3,105
5501,2016,4,70
5501,2017,1,76
5501,2017,2,76
5501,2017,3,104
5501,2017,4,81
5501,2018,1,68
5501,2018,2,86
5501,2018,3,114
5501,2018,4,85
5501,2019,1,77
5501,2019,2,120
5501,2019,3,123
5501,2019,4,105
5502,2015,1,35
5502,2015,2,54
5502,2015,3,49
5502,2015,4,50
5502,2016,1,45
5502,2016,2,36
5502,2016,3,63
5502,2016,4,44
5502,2017,1,48
5502,2017,2,62
5502,2017,3,68
5502,2017,4,39
5502,2018,1,42
5502,2018,2,49
5502,2018,3,59
5502,2018,4,43
5502,2019,1,45
5502,2019,2,54
5502,2019,3,63
5502,2019,4,39
5503,2015,1,13
5503,2015,2,19
5503,2015,3,17
5503,2015,4,13
5503,2016,1,8
5503,2016,2,16
5503,2016,3,16
5503,2016,4,9
5503,2017,1,9
5503,2017,2,15
5503,2017,3,14
5503,2017,4,13
5503,2018,1,11
5503,2018,2,16
5503,2018,3,12
5503,2018,4,11
5503,2019,1,13
5503,2019,2,21
5503,2019,3,17
5503,2019,4,20
5504,2015,1,10
5504,2015,2,15
5504,2015,3,22
5504,2015,4,19
5504,2016,1,7
5504,2016,2,20
5504,2016,3,19
5504,2016,4,11
5504,2017,1,13
5504,2017,2,20
5504,2017,3,10
5504,2017,4,14
5504,2018,1,16
5504,2018,2,8
5504,2018,3,23
5504,2018,4,17
5504,2019,1,13
5504,2019,2,23
5504,2019,3,14
5504,2019,4,13
5506,2015,1,14
5506,2015,2,11
5506,2015,3,27
5506,2015,4,16
5506,2016,1,18
5506,2016,2,25
5506,2016,3,28
5506,2016,4,16
5506,2017,1,19
5506,2017,2,23
5506,2017,3,25
5506,2017,4,19
5506,2018,1,16
5506,2018,2,26
5506,2018,3,20
5506,2018,4,16
5506,2019,1,11
5506,2019,2,17
5506,2019,3,31
5506,2019,4,33
5601,2015,1,73
5601,2015,2,95
5601,2015,3,100
5601,2015,4,74
5601,2016,1,71
5601,2016,2,88
5601,2016,3,94
5601,2016,4,77
5601,2017,1,61
5601,2017,2,96
5601,2017,3,113
5601,2017,4,73
5601,2018,1,77
5601,2018,2,97
5601,2018,3,120
5601,2018,4,84
5601,2019,1,86
5601,2019,2,91
5601,2019,3,110
5601,2019,4,81
5602,2015,1,7
5602,2015,2,12
5602,2015,3,14
5602,2015,4,13
5602,2016,1,7
5602,2016,2,10
5602,2016,3,7
5602,2016,4,9
5602,2017,1,10
5602,2017,2,11
5602,2017,3,11
5602,2017,4,10
5602,2018,1,10
5602,2018,2,10
5602,2018,3,17
5602,2018,4,16
5602,2019,1,11
5602,2019,2,17
5602,2019,3,12
5602,2019,4,14
5603,2015,1,17
5603,2015,2,22
5603,2015,3,17
5603,2015,4,17
5603,2016,1,21
5603,2016,2,31
5603,2016,3,16
5603,2016,4,7
5603,2017,1,17
5603,2017,2,20
5603,2017,3,14
5603,2017,4,11
5603,2018,1,22
5603,2018,2,19
5603,2018,3,22
5603,2018,4,19
5603,2019,1,21
5603,2019,2,20
5603,2019,3,22
5603,2019,4,24
5604,2015,1,9
5604,2015,2,15
5604,2015,3,13
5604,2015,4,9
5604,2016,1,13
5604,2016,2,13
5604,2016,3,14
5604,2016,4,7
5604,2017,1,6
5604,2017,2,14
5604,2017,3,18
5604,2017,4,11
5604,2018,1,17
5604,2018,2,14
5604,2018,3,16
5604,2018,4,16
5604,2019,1,14
5604,2019,2,24
5604,2019,3,15
5604,2019,4,17
5605,2015,1,5
5605,2015,2,9
5605,2015,3,5
5605,2015,4,9
5605,2016,1,5
5605,2016,2,9
5605,2016,3,16
5605,2016,4,7
5605,2017,1,5
5605,2017,2,9
5605,2017,3,11
5605,2017,4,15
5605,2018,1,9
5605,2018,2,11
5605,2018,3,14
5605,2018,4,8
5605,2019,1,16
5605,2019,2,11
5605,2019,3,10
5605,2019,4,19
5606,2015,1,5
5606,2015,2,6
5606,2015,3,5
5606,2015,4,6
5606,2016,1,7
5606,2016,2,8
5606,2016,3,5
5606,2016,4,11
5606,2017,1,6
5606,2017,2,14
5606,2017,3,16
5606,2017,4,6
5606,2018,1,7
5606,2018,2,7
5606,2018,3,7
5606,2018,4,10
5606,2019,1,7
5606,2019,2,10
5606,2019,3,15
5606,2019,4,6
5701,2015,1,54
5701,2015,2,60
5701,2015,3,76
5701,2015,4,75
5701,2016,1,45
5701,2016,2,81
5701,2016,3,77
5701,2016,4,63
5701,2017,1,54
5701,2017,2,65
5701,2017,3,82
5701,2017,4,63
5701,2018,1,36
5701,2018,2,66
5701,2018,3,90
5701,2018,4,71
5701,2019,1,58
5701,2019,2,75
5701,2019,3,70
5701,2019,4,86
5702,2015,1,12
5702,2015,2,11
5702,2015,3,9
5702,2015,4,12
5702,2016,1,10
5702,2016,2,14
5702,2016,3,15
5702,2016,4,13
5702,2017,1,11
5702,2017,2,15
5702,2017,3,7
5702,2017,4,9
5702,2018,1,7
5702,2018,2,11
5702,2018,3,10
5702,2018,4,11
5702,2019,1,7
5702,2019,2,13
5702,2019,3,14
5702,2019,4,13
5703,2015,1,23
5703,2015,2,9
5703,2015,3,20
5703,2015,4,17
5703,2016,1,14
5703,2016,2,24
5703,2016,3,35
5703,2016,4,18
5703,2017,1,17
5703,2017,2,26
5703,2017,3,28
5703,2017,4,20
5703,2018,1,19
5703,2018,2,29
5703,2018,3,28
5703,2018,4,20
5703,2019,1,16
5703,2019,2,28
5703,2019,3,22
5703,2019,4,20
5704,2015,1,5
5704,2015,2,9
5704,2015,3,6
5704,2015,4,7
5704,2016,1,5
5704,2016,2,9
5704,2016,3,4
5704,2016,4,4
5704,2017,1,7
5704,2017,2,7
5704,2017,3,6
5704,2017,4,7
5704,2018,1,6
5704,2018,2,11
5704,2018,3,6
5704,2018,4,5
5704,2019,1,4
5704,2019,2,5
5704,2019,3,5
5704,2019,4,3
5705,2015,1,19
5705,2015,2,17
5705,2015,3,25
5705,2015,4,20
5705,2016,1,16
5705,2016,2,17
5705,2016,3,18
5705,2016,4,18
5705,2017,1,12
5705,2017,2,25
5705,2017,3,23
5705,2017,4,20
5705,2018,1,9
5705,2018,2,18
5705,2018,3,20
5705,2018,4,15
5705,2019,1,12
5705,2019,2,17
5705,2019,3,17
5705,2019,4,25
5706,2015,1,8
5706,2015,2,9
5706,2015,3,11
5706,2015,4,15
5706,2016,1,10
5706,2016,2,15
5706,2016,3,11
5706,2016,4,10
5706,2017,1,16
5706,2017,2,12
5706,2017,3,17
5706,2017,4,13
5706,2018,1,7
5706,2018,2,11
5706,2018,3,19
5706,2018,4,7
5706,2019,1,13
5706,2019,2,17
5706,2019,3,14
5706,2019,4,13
5801,2015,1,131
5801,2015,2,155
5801,2015,3,198
5801,2015,4,154
5801,2016,1,156
5801,2016,2,186
5801,2016,3,228
5801,2016,4,142
5801,2017,1,153
5801,2017,2,185
5801,2017,3,191
5801,2017,4,161
5801,2018,1,150
5801,2018,2,193
5801,2018,3,242
5801,2018,4,182
5801,2019,1,152
5801,2019,2,187
5801,2019,3,217
5801,2019,4,191
5802,2015,1,48
5802,2015,2,58
5802,2015,3,64
5802,2015,4,67
5802,2016,1,45
5802,2016,2,64
5802,2016,3,58
5802,2016,4,50
5802,2017,1,43
5802,2017,2,59
5802,2017,3,73
5802,2017,4,59
5802,2018,1,46
5802,2018,2,49
5802,2018,3,68
5802,2018,4,58
5802,2019,1,52
5802,2019,2,80
5802,2019,3,74
5802,2019,4,41
5803,2015,1,15
5803,2015,2,18
5803,2015,3,20
5803,2015,4,14
5803,2016,1,11
5803,2016,2,14
5803,2016,3,21
5803,2016,4,12
5803,2017,1,11
5803,2017,2,14
5803,2017,3,18
5803,2017,4,15
5803,2018,1,9
5803,2018,2,11
5803,2018,3,28
5803,2018,4,13
5803,2019,1,13
5803,2019,2,24
5803,2019,3,21
5803,2019,4,8
5804,2015,1,101
5804,2015,2,126
5804,2015,3,145
5804,2015,4,110
5804,2016,1,118
5804,2016,2,108
5804,2016,3,139
5804,2016,4,105
5804,2017,1,98
5804,2017,2,115
5804,2017,3,139
5804,2017,4,137
5804,2018,1,116
5804,2018,2,117
5804,2018,3,162
5804,2018,4,123
5804,2019,1,97
5804,2019,2,141
5804,2019,3,144
5804,2019,4,131
6101,2015,1,137
6101,2015,2,189
6101,2015,3,198
6101,2015,4,169
6101,2016,1,152
6101,2016,2,174
6101,2016,3,204
6101,2016,4,168
6101,2017,1,150
6101,2017,2,179
6101,2017,3,223
6101,2017,4,163
6101,2018,1,166
6101,2018,2,188
6101,2018,3,225
6101,2018,4,181
6101,2019,1,169
6101,2019,2,199
6101,2019,3,220
6101,2019,4,171
6102,2015,1,7
6102,2015,2,8
6102,2015,3,12
6102,2015,4,9
6102,2016,1,9
6102,2016,2,10
6102,2016,3,7
6102,2016,4,9
6102,2017,1,9
6102,2017,2,7
6102,2017,3,12
6102,2017,4,4
6102,2018,1,6
6102,2018,2,8
6102,2018,3,11
6102,2018,4,7
6102,2019,1,10
6102,2019,2,5
6102,2019,3,8
6102,2019,4,7
6103,2015,1,2
6103,2015,2,6
6103,2015,3,2
6103,2015,4,6
6103,2016,1,3
6103,2016,2,5
6103,2016,3,4
6103,2016,4,7
6103,2017,1,3
6103,2017,2,11
6103,2017,3,6
6103,2017,4,10
6103,2018,1,9
6103,2018,2,8
6103,2018,3,7
6103,2018,4,6
6103,2019,1,7
6103,2019,2,7
6103,2019,3,9
6103,2019,4,4
6104,2015,1,9
6104,2015,2,15
6104,2015,3,21
6104,2015,4,19
6104,2016,1,14
6104,2016,2,16
6104,2016,3,19
6104,2016,4,23
6104,2017,1,10
6104,2017,2,10
6104,2017,3,22
6104,2017,4,18
6104,2018,1,22
6104,2018,2,16
6104,2018,3,29
6104,2018,4,8
6104,2019,1,8
6104,2019,2,19
6104,2019,3,14
6104,2019,4,18
6105,2015,1,9
6105,2015,2,19
6105,2015,3,11
6105,2015,4,14
6105,2016,1,14
6105,2016,2,17
6105,2016,3,6
6105,2016,4,15
6105,2017,1,12
6105,2017,2,11
6105,2017,3,11
6105,2017,4,15
6105,2018,1,9
6105,2018,2,14
6105,2018,3,14
6105,2018,4,14
6105,2019,1,10
6105,2019,2,20
6105,2019,3,20
6105,2019,4,13
6106,2015,1,13
6106,2015,2,22
6106,2015,3,26
6106,2015,4,16
6106,2016,1,21
6106,2016,2,24
6106,2016,3,28
6106,2016,4,22
6106,2017,1,20
6106,2017,2,19
6106,2017,3,23
6106,2017,4,11
6106,2018,1,15
6106,2018,2,29
6106,2018,3,17
6106,2018,4,25
6106,2019,1,20
6106,2019,2,21
6106,2019,3,23
6106,2019,4,20
6107,2015,1,17
6107,2015,2,20
6107,2015,3,24
6107,2015,4,20
6107,2016,1,15
6107,2016,2,16
6107,2016,3,23
6107,2016,4,14
6107,2017,1,20
6107,2017,2,14
6107,2017,3,29
6107,2017,4,21
6107,2018,1,21
6107,2018,2,16
6107,2018,3,23
6107,2018,4,23
6107,2019,1,21
6107,2019,2,22
6107,2019,3,20
6107,2019,4,17
6108,2015,1,16
6108,2015,2,14
6108,2015,3,29
6108,2015,4,20
6108,2016,1,21
6108,2016,2,35
6108,2016,3,26
6108,2016,4,25
6108,2017,1,19
6108,2017,2,20
6108,2017,3,27
6108,2017,4,29
6108,2018,1,17
6108,2018,2,29
6108,2018,3,38
6108,2018,4,24
6108,2019,1,22
6108,2019,2,23
6108,2019,3,36
6108,2019,4,33
6109,2015,1,11
6109,2015,2,10
6109,2015,3,16
6109,2015,4,13
6109,2016,1,5
6109,2016,2,16
6109,2016,3,10
6109,2016,4,10
6109,2017,1,12
6109,2017,2,14
6109,2017,3,13
6109,2017,4,7
6109,2018,1,7
6109,2018,2,15
6109,2018,3,13
6109,2018,4,13
6109,2019,1,8
6109,2019,2,18
6109,2019,3,17
6109,2019,4,9
6110,2015,1,12
6110,2015,2,13
6110,2015,3,16
6110,2015,4,19
6110,2016,1,22
6110,2016,2,20
6110,2016,3,18
6110,2016,4,18
6110,2017,1,18
6110,2017,2,17
6110,2017,3,25
6110,2017,4,7
6110,2018,1,16
6110,2018,2,16
6110,2018,3,21
6110,2018,4,22
6110,2019,1,13
6110,2019,2,22
6110,2019,3,18
6110,2019,4,13
6111,2015,1,9
6111,2015,2,13
6111,2015,3,16
6111,2015,4,6
6111,2016,1,6
6111,2016,2,5
6111,2016,3,10
6111,2016,4,5
6111,2017,1,6
6111,2017,2,8
6111,2017,3,13
6111,2017,4,5
6111,2018,1,11
6111,2018,2,11
6111,2018,3,15
6111,2018,4,6
6111,2019,1,4
6111,2019,2,8
6111,2019,3,14
6111,2019,4,8
6112,2015,1,7
6112,2015,2,12
6112,2015,3,12
6112,2015,4,10
6112,2016,1,10
6112,2016,2,14
6112,2016,3,17
6112,2016,4,22
6112,2017,1,6
6112,2017,2,14
6112,2017,3,15
6112,2017,4,24
6112,2018,1,10
6112,2018,2,6
6112,2018,3,17
6112,2018,4,5
6112,2019,1,11
6112,2019,2,10
6112,2019,3,14
6112,2019,4,12
6113,2015,1,12
6113,2015,2,20
6113,2015,3,24
6113,2015,4,17
6113,2016,1,12
6113,2016,2,20
6113,2016,3,26
6113,2016,4,13
6113,2017,1,22
6113,2017,2,22
6113,2017,3,15
6113,2017,4,16
6113,2018,1,12
6113,2018,2,21
6113,2018,3,24
6113,2018,4,13
6113,2019,1,10
6113,2019,2,20
6113,2019,3,18
6113,2019,4,23
6114,2015,1,10
6114,2015,2,8
6114,2015,3,14
6114,2015,4,10
6114,2016,1,10
6114,2016,2,13
6114,2016,3,13
6114,2016,4,4
6114,2017,1,10
6114,2017,2,9
6114,2017,3,10
6114,2017,4,8
6114,2018,1,4
6114,2018,2,15
6114,2018,3,15
6114,2018,4,6
6114,2019,1,6
6114,2019,2,6
6114,2019,3,14
6114,2019,4,12
6115,2015,1,39
6115,2015,2,37
6115,2015,3,45
6115,2015,4,38
6115,2016,1,37
6115,2016,2,50
6115,2016,3,49
6115,2016,4,62
6115,2017,1,42
6115,2017,2,49
6115,2017,3,40
6115,2017,4,40
6115,2018,1,33
6115,2018,2,42
6115,2018,3,51
6115,2018,4,48
6115,2019,1,39
6115,2019,2,52
6115,2019,3,64
6115,2019,4,33
6116,2015,1,14
6116,2015,2,11
6116,2015,3,16
6116,2015,4,13
6116,2016,1,11
6116,2016,2,13
6116,2016,3,15
6116,2016,4,9
6116,2017,1,12
6116,2017,2,16
6116,2017,3,14
6116,2017,4,15
6116,2018,1,15
6116,2018,2,13
6116,2018,3,16
6116,2018,4,18
6116,2019,1,15
6116,2019,2,21
6116,2019,3,17
6116,2019,4,22
6117,2015,1,26
6117,2015,2,30
6117,2015,3,39
6117,2015,4,34
6117,2016,1,33
6117,2016,2,28
6117,2016,3,53
6117,2016,4,41
6117,2017,1,30
6117,2017,2,42
6117,2017,3,58
6117,2017,4,35
6117,2018,1,26
6117,2018,2,31
6117,2018,3,54
6117,2018,4,37
6117,2019,1,39
6117,2019,2,48
6117,2019,3,60
6117,2019,4,32
6201,2015,1,9
6201,2015,2,12
6201,2015,3,15
6201,2015,4,6
6201,2016,1,7
6201,2016,2,17
6201,2016,3,13
6201,2016,4,13
6201,2017,1,3
6201,2017,2,14
6201,2017,3,13
6201,2017,4,13
6201,2018,1,13
6201,2018,2,16
6201,2018,3,8
6201,2018,4,20
6201,2019,1,11
6201,2019,2,9
6201,2019,3,9
6201,2019,4,16
6202,2015,1,4
6202,2015,2,3
6202,2015,3,7
6202,2015,4,1
6202,2016,1,2
6202,2016,2,5
6202,2016,3,4
6202,2016,4,4
6202,2017,1,6
6202,2017,2,4
6202,2017,3,5
6202,2017,4,2
6202,2018,1,1
6202,2018,2,4
6202,2018,3,3
6202,2018,4,3
6202,2019,1,7
6202,2019,2,1
6202,2019,3,7
6202,2019,4,4
6203,2015,1,7
6203,2015,2,4
6203,2015,3,1
6203,2015,4,8
6203,2016,1,5
6203,2016,2,5
6203,2016,3,9
6203,2016,4,4
6203,2017,1,7
6203,2017,2,5
6203,2017,3,8
6203,2017,4,4
6203,2018,1,5
6203,2018,2,5
6203,2018,3,5
6203,2018,4,2
6203,2019,1,7
6203,2019,2,6
6203,2019,3,8
6203,2019,4,10
6204,2015,1,9
6204,2015,2,7
6204,2015,3,8
6204,2015,4,4
6204,2016,1,5
6204,2016,2,10
6204,2016,3,8
6204,2016,4,8
6204,2017,1,7
6204,2017,2,8
6204,2017,3,6
6204,2017,4,9
6204,2018,1,7
6204,2018,2,11
6204,2018,3,7
6204,2018,4,4
6204,2019,1,8
6204,2019,2,10
6204,2019,3,6
6204,2019,4,5
6205,2015,1,5
6205,2015,2,7
6205,2015,3,10
6205,2015,4,9
6205,2016,1,9
6205,2016,2,8
6205,2016,3,7
6205,2016,4,12
6205,2017,1,3
6205,2017,2,5
6205,2017,3,4
6205,2017,4,5
6205,2018,1,7
6205,2018,2,7
6205,2018,3,8
6205,2018,4,8
6205,2019,1,7
6205,2019,2,13
6205,2019,3,10
6205,2019,4,11
6206,2015,1,9
6206,2015,2,9
6206,2015,3,11
6206,2015,4,4
6206,2016,1,4
6206,2016,2,10
6206,2016,3,9
6206,2016,4,10
6206,2017,1,5
6206,2017,2,8
6206,2017,3,10
6206,2017,4,10
6206,2018,1,7
6206,2018,2,7
6206,2018,3,7
6206,2018,4,7
6206,2019,1,7
6206,2019,2,8
6206,2019,3,5
6206,2019,4,10
6301,2015,1,47
6301,2015,2,58
6301,2015,3,72
6301,2015,4,62
6301,2016,1,53
6301,2016,2,60
6301,2016,3,79
6301,2016,4,49
6301,2017,1,51
6301,2017,2,49
6301,2017,3,78
6301,2017,4,51
6301,2018,1,41
6301,2018,2,58
6301,2018,3,72
6301,2018,4,49
6301,2019,1,41
6301,2019,2,77
6301,2019,3,84
6301,2019,4,55
6302,2015,1,11
6302,2015,2,22
6302,2015,3,19
6302,2015,4,23
6302,2016,1,17
6302,2016,2,16
6302,2016,3,17
6302,2016,4,18
6302,2017,1,12
6302,2017,2,25
6302,2017,3,20
6302,2017,4,16
6302,2018,1,12
6302,2018,2,13
6302,2018,3,19
6302,2018,4,9
6302,2019,1,19
6302,2019,2,12
6302,2019,3,23
6302,2019,4,21
6303,2015,1,18
6303,2015,2,26
6303,2015,3,44
6303,2015,4,18
6303,2016,1,25
6303,2016,2,30
6303,2016,3,33
6303,2016,4,28
6303,2017,1,19
6303,2017,2,26
6303,2017,3,29
6303,2017,4,17
6303,2018,1,21
6303,2018,2,21
6303,2018,3,26
6303,2018,4,18
6303,2019,1,27
6303,2019,2,36
6303,2019,3,43
6303,2019,4,38
6304,2015,1,5
6304,2015,2,4
6304,2015,3,13
6304,2015,4,5
6304,2016,1,5
6304,2016,2,7
6304,2016,3,10
6304,2016,4,13
6304,2017,1,5
6304,2017,2,5
6304,2017,3,8
6304,2017,4,7
6304,2018,1,6
6304,2018,2,8
6304,2018,3,5
6304,2018,4,8
6304,2019,1,8
6304,2019,2,9
6304,2019,3,6
6304,2019,4,7
6305,2015,1,19
6305,2015,2,9
6305,2015,3,14
6305,2015,4,14
6305,2016,1,19
6305,2016,2,15
6305,2016,3,16
6305,2016,4,15
6305,2017,1,17
6305,2017,2,17
6305,2017,3,18
6305,2017,4,16
6305,2018,1,9
6305,2018,2,24
6305,2018,3,9
6305,2018,4,16
6305,2019,1,13
6305,2019,2,19
6305,2019,3,14
6305,2019,4,17
6306,2015,1,8
6306,2015,2,8
6306,2015,3,9
6306,2015,4,14
6306,2016,1,3
6306,2016,2,8
6306,2016,3,15
6306,2016,4,5
6306,2017,1,13
6306,2017,2,9
6306,2017,3,13
6306,2017,4,10
6306,2018,1,9
6306,2018,2,10
6306,2018,3,9
6306,2018,4,9
6306,2019,1,11
6306,2019,2,7
6306,2019,3,7
6306,2019,4,7
6307,2015,1,8
6307,2015,2,9
6307,2015,3,4
6307,2015,4,6
6307,2016,1,8
6307,2016,2,8
6307,2016,3,16
6307,2016,4,9
6307,2017,1,6
6307,2017,2,12
6307,2017,3,9
6307,2017,4,13
6307,2018,1,6
6307,2018,2,13
6307,2018,3,5
6307,2018,4,11
6307,2019,1,10
6307,2019,2,9
6307,2019,3,18
6307,2019,4,6
6308,2015,1,5
6308,2015,2,6
6308,2015,3,5
6308,2015,4,8
6308,2016,1,6
6308,2016,2,4
6308,2016,3,10
6308,2016,4,12
6308,2017,1,8
6308,2017,2,7
6308,2017,3,7
6308,2017,4,5
6308,2018,1,6
6308,2018,2,9
6308,2018,3,7
6308,2018,4,10
6308,2019,1,9
6308,2019,2,9
6308,2019,3,13
6308,2019,4,16
6309,2015,1,5
6309,2015,2,7
6309,2015,3,7
6309,2015,4,4
6309,2016,2,6
6309,2016,3,5
6309,2016,4,6
6309,2017,1,1
6309,2017,2,2
6309,2017,3,6
6309,2017,4,1
6309,2018,1,5
6309,2018,2,7
6309,2018,3,4
6309,2018,4,5
6309,2019,1,3
6309,2019,2,4
6309,2019,3,7
6310,2015,1,27
6310,2015,2,43
6310,2015,3,45
6310,2015,4,31
6310,2016,1,28
6310,2016,2,41
6310,2016,3,41
6310,2016,4,30
6310,2017,1,39
6310,2017,2,39
6310,2017,3,29
6310,2017,4,27
6310,2018,1,36
6310,2018,2,42
6310,2018,3,42
6310,2018,4,31
6310,2019,1,30
6310,2019,2,45
6310,2019,3,29
6310,2019,4,36
7101,2015,1,153
7101,2015,2,180
7101,2015,3,209
7101,2015,4,147
7101,2016,1,148
7101,2016,2,188
7101,2016,3,215
7101,2016,4,142
7101,2017,1,147
7101,2017,2,200
7101,2017,3,212
7101,2017,4,169
7101,2018,1,141
7101,2018,2,177
7101,2018,3,235
7101,2018,4,165
7101,2019,1,136
7101,2019,2,195
7101,2019,3,220
7101,2019,4,166
7102,2015,1,29
7102,2015,2,30
7102,2015,3,30
7102,2015,4,30
7102,2016,1,23
7102,2016,2,31
7102,2016,3,41
7102,2016,4,27
7102,2017,1,16
7102,2017,2,31
7102,2017,3,30
7102,2017,4,33
7102,2018,1,24
7102,2018,2,31
7102,2018,3,26
7102,2018,4,38
7102,2019,1,31
7102,2019,2,33
7102,2019,3,46
7102,2019,4,35
7103,2015,1,15
7103,2015,2,10
7103,2015,3,11
7103,2015,4,11
7103,2016,1,15
7103,2016,2,8
7103,2016,3,11
7103,2016,4,13
7103,2017,1,13
7103,2017,2,18
7103,2017,3,14
7103,2017,4,20
7103,2018,1,15
7103,2018,2,9
7103,2018,3,16
7103,2018,4,19
7103,2019,1,3
7103,2019,2,17
7103,2019,3,11
7103,2019,4,7
7104,2015,1,4
7104,2015,2,2
7104,2015,3,1
7104,2015,4,2
7104,2016,1,1
7104,2016,2,3
7104,2016,3,7
7104,2016,4,3
7104,2017,1,2
7104,2017,2,5
7104,2017,3,3
7104,2018,1,5
7104,2018,2,1
7104,2018,3,7
7104,2018,4,2
7104,2019,2,2
7104,2019,3,2
7104,2019,4,4
7105,2015,1,13
7105,2015,2,16
7105,2015,3,19
7105,2015,4,12
7105,2016,1,13
7105,2016,2,13
7105,2016,3,18
7105,2016,4,18
7105,2017,1,9
7105,2017,2,20
7105,2017,3,14
7105,2017,4,8
7105,2018,1,18
7105,2018,2,19
7105,2018,3,20
7105,2018,4,17
7105,2019,1,12
7105,2019,2,25
7105,2019,3,25
7105,2019,4,23
7106,2015,1,4
7106,2015,2,7
7106,2015,3,6
7106,2015,4,7
7106,2016,1,7
7106,2016,2,5
7106,2016,3,6
7106,2016,4,6
7106,2017,1,4
7106,2017,2,12
7106,2017,3,12
7106,2017,4,5
7106,2018,1,5
7106,2018,2,6
7106,2018,3,15
7106,2018,4,12
7106,2019,1,5
7106,2019,2,7
7106,2019,3,12
7106,2019,4,2
7107,2015,1,5
7107,2015,2,6
7107,2015,3,4
7107,2015,4,9
7107,2016,1,8
7107,2016,2,5
7107,2016,3,4
7107,2016,4,6
7107,2017,1,6
7107,2017,2,6
7107,2017,3,5
7107,2017,4,7
7107,2018,1,8
7107,2018,2,10
7107,2018,3,6
7107,2018,4,11
7107,2019,1,4
7107,2019,2,10
7107,2019,3,16
7107,2019,4,10
7108,2015,1,11
7108,2015,2,5
7108,2015,3,18
7108,2015,4,11
7108,2016,1,6
7108,2016,2,9
7108,2016,3,8
7108,2016,4,11
7108,2017,1,8
7108,2017,2,13
7108,2017,3,10
7108,2017,4,13
7108,2018,1,7
7108,2018,2,16
7108,2018,3,13
7108,2018,4,7
7108,2019,1,8
7108,2019,2,12
7108,2019,3,11
7108,2019,4,12
7109,2015,1,18
7109,2015,2,29
7109,2015,3,31
7109,2015,4,24
7109,2016,1,30
7109,2016,2,28
7109,2016,3,32
7109,2016,4,30
7109,2017,1,24
7109,2017,2,23
7109,2017,3,40
7109,2017,4,28
7109,2018,1,23
7109,2018,2,34
7109,2018,3,34
7109,2018,4,37
7109,2019,1,41
7109,2019,2,30
7109,2019,3,35
7109,2019,4,37
7110,2015,1,7
7110,2015,2,7
7110,2015,3,14
7110,2015,4,7
7110,2016,1,6
7110,2016,2,8
7110,2016,3,12
7110,2016,4,7
7110,2017,1,4
7110,2017,2,4
7110,2017,3,9
7110,2017,4,3
7110,2018,1,5
7110,2018,2,4
7110,2018,3,4
7110,2018,4,10
7110,2019,1,6
7110,2019,2,8
7110,2019,3,11
7110,2019,4,9
7201,2015,1,47
7201,2015,2,52
7201,2015,3,47
7201,2015,4,61
7201,2016,1,41
7201,2016,2,56
7201,2016,3,80
7201,2016,4,50
7201,2017,1,60
7201,2017,2,54
7201,2017,3,68
7201,2017,4,47
7201,2018,1,46
7201,2018,2,44
7201,2018,3,58
7201,2018,4,47
7201,2019,1,48
7201,2019,2,44
7201,2019,3,52
7201,2019,4,64
7202,2015,1,11
7202,2015,2,4
7202,2015,3,12
7202,2015,4,10
7202,2016,1,8
7202,2016,2,7
7202,2016,3,7
7202,2016,4,10
7202,2017,1,17
7202,2017,2,18
7202,2017,3,11
7202,2017,4,9
7202,2018,1,7
7202,2018,2,14
7202,2018,3,13
7202,2018,4,8
7202,2019,1,8
7202,2019,2,12
7202,2019,3,13
7202,2019,4,9
7203,2015,1,4
7203,2015,2,5
7203,2015,3,11
7203,2015,4,6
7203,2016,1,3
7203,2016,2,8
7203,2016,3,5
7203,2016,4,6
7203,2017,1,2
7203,2017,2,9
7203,2017,3,6
7203,2017,4,8
7203,2018,1,6
7203,2018,2,4
7203,2018,3,7
7203,2018,4,4
7203,2019,1,7
7203,2019,2,6
7203,2019,3,7
7203,2019,4,4
7301,2015,1,77
7301,2015,2,88
7301,2015,3,117
7301,2015,4,107
7301,2016,1,96
7301,2016,2,120
7301,2016,3,124
7301,2016,4,112
7301,2017,1,69
7301,2017,2,134
7301,2017,3,121
7301,2017,4,114
7301,2018,1,112
7301,2018,2,122
7301,2018,3,160
7301,2018,4,117
7301,2019,1,100
7301,2019,2,132
7301,2019,3,135
7301,2019,4,104
7302,2015,1,13
7302,2015,2,7
7302,2015,3,9
7302,2015,4,3
7302,2016,1,5
7302,2016,2,5
7302,2016,3,17
7302,2016,4,6
7302,2017,1,9
7302,2017,2,19
7302,2017,3,16
7302,2017,4,6
7302,2018,1,14
7302,2018,2,13
7302,2018,3,14
7302,2018,4,13
7302,2019,1,9
7302,2019,2,8
7302,2019,3,10
7302,2019,4,9
7303,2015,1,5
7303,2015,2,4
7303,2015,3,11
7303,2015,4,4
7303,2016,1,11
7303,2016,2,7
7303,2016,3,8
7303,2016,4,10
7303,2017,1,6
7303,2017,2,8
7303,2017,3,13
7303,2017,4,9
7303,2018,1,7
7303,2018,2,5
7303,2018,3,15
7303,2018,4,9
7303,2019,1,9
7303,2019,2,5
7303,2019,3,8
7303,2019,4,10
7304,2015,1,37
7304,2015,2,50
7304,2015,3,54
7304,2015,4,39
7304,2016,1,40
7304,2016,2,33
7304,2016,3,34
7304,2016,4,29
7304,2017,1,35
7304,2017,2,54
7304,2017,3,50
7304,2017,4,57
7304,2018,1,34
7304,2018,2,41
7304,2018,3,30
7304,2018,4,30
7304,2019,1,40
7304,2019,2,57
7304,2019,3,39
7304,2019,4,33
7305,2015,1,7
7305,2015,2,11
7305,2015,3,7
7305,2015,4,6
7305,2016,1,5
7305,2016,2,11
7305,2016,3,15
7305,2016,4,14
7305,2017,1,9
7305,2017,2,9
7305,2017,3,13
7305,2017,4,8
7305,2018,1,12
7305,2018,2,9
7305,2018,3,13
7305,2018,4,11
7305,2019,1,6
7305,2019,2,13
7305,2019,3,18
7305,2019,4,5
7306,2015,1,12
7306,2015,2,12
7306,2015,3,18
7306,2015,4,17
7306,2016,1,5
7306,2016,2,11
7306,2016,3,14
7306,2016,4,7
7306,2017,1,2
7306,2017,2,6
7306,2017,3,15
7306,2017,4,17
7306,2018,1,5
7306,2018,2,12
7306,2018,3,18
7306,2018,4,11
7306,2019,1,8
7306,2019,2,25
7306,2019,3,13
7306,2019,4,6
7307,2015,1,15
7307,2015,2,17
7307,2015,3,19
7307,2015,4,18
7307,2016,1,15
7307,2016,2,12
7307,2016,3,12
7307,2016,4,11
7307,2017,1,8
7307,2017,2,15
7307,2017,3,9
7307,2017,4,17
7307,2018,1,12
7307,2018,2,13
7307,2018,3,26
7307,2018,4,15
7307,2019,1,8
7307,2019,2,19
7307,2019,3,15
7307,2019,4,13
7308,2015,1,18
7308,2015,2,19
7308,2015,3,24
7308,2015,4,24
7308,2016,1,29
7308,2016,2,22
7308,2016,3,27
7308,2016,4,29
7308,2017,1,18
7308,2017,2,29
7308,2017,3,32
7308,2017,4,24
7308,2018,1,25
7308,2018,2,20
7308,2018,3,29
7308,2018,4,27
7308,2019,1,21
7308,2019,2,25
7308,2019,3,30
7308,2019,4,36
7309,2015,1,4
7309,2015,2,3
7309,2015,3,6
7309,2015,4,6
7309,2016,1,4
7309,2016,2,5
7309,2016,3,3
7309,2016,4,2
7309,2017,1,3
7309,2017,2,4
7309,2017,3,4
7309,2017,4,6
7309,2018,1,5
7309,2018,2,6
7309,2018,3,6
7309,2018,4,4
7309,2019,1,4
7309,2019,2,4
7309,2019,3,3
7309,2019,4,1
7401,2015,1,72
7401,2015,2,86
7401,2015,3,87
7401,2015,4,68
7401,2016,1,72
7401,2016,2,89
7401,2016,3,98
7401,2016,4,78
7401,2017,1,75
7401,2017,2,107
7401,2017,3,94
7401,2017,4,76
7401,2018,1,78
7401,2018,2,98
7401,2018,3,104
7401,2018,4,77
7401,2019,1,71
7401,2019,2,71
7401,2019,3,94
7401,2019,4,93
7402,2015,1,14
7402,2015,2,18
7402,2015,3,22
7402,2015,4,16
7402,2016,1,13
7402,2016,2,14
7402,2016,3,23
7402,2016,4,16
7402,2017,1,15
7402,2017,2,24
7402,2017,3,23
7402,2017,4,11
7402,2018,1,18
7402,2018,2,23
7402,2018,3,16
7402,2018,4,19
7402,2019,1,16
7402,2019,2,19
7402,2019,3,15
7402,2019,4,13
7403,2015,1,26
7403,2015,2,15
7403,2015,3,19
7403,2015,4,18
7403,2016,1,26
7403,2016,2,37
7403,2016,3,27
7403,2016,4,23
7403,2017,1,19
7403,2017,2,20
7403,2017,3,28
7403,2017,4,24
7403,2018,1,19
7403,2018,2,31
7403,2018,3,29
7403,2018,4,22
7403,2019,1,18
7403,2019,2,27
7403,2019,3,39
7403,2019,4,21
7404,2015,1,26
7404,2015,2,33
7404,2015,3,32
7404,2015,4,39
7404,2016,1,23
7404,2016,2,33
7404,2016,3,35
7404,2016,4,32
7404,2017,1,40
7404,2017,2,34
7404,2017,3,44
7404,2017,4,45
7404,2018,1,40
7404,2018,2,32
7404,2018,3,63
7404,2018,4,34
7404,2019,1,35
7404,2019,2,45
7404,2019,3,49
7404,2019,4,50
7405,2015,1,12
7405,2015,2,18
7405,2015,3,21
7405,2015,4,22
7405,2016,1,13
7405,2016,2,19
7405,2016,3,27
7405,2016,4,12
7405,2017,1,9
7405,2017,2,27
7405,2017,3,20
7405,2017,4,15
7405,2018,1,18
7405,2018,2,20
7405,2018,3,28
7405,2018,4,15
7405,2019,1,11
7405,2019,2,18
7405,2019,3,11
7405,2019,4,18
7406,2015,1,32
7406,2015,2,26
7406,2015,3,52
7406,2015,4,42
7406,2016,1,46
7406,2016,2,32
7406,2016,3,38
7406,2016,4,38
7406,2017,1,32
7406,2017,2,45
7406,2017,3,44
7406,2017,4,38
7406,2018,1,34
7406,2018,2,35
7406,2018,3,57
7406,2018,4,38
7406,2019,1,30
7406,2019,2,40
7406,2019,3,53
7406,2019,4,40
7407,2015,1,15
7407,2015,2,16
7407,2015,3,16
7407,2015,4,16
7407,2016,1,12
7407,2016,2,20
7407,2016,3,19
7407,2016,4,7
7407,2017,1,17
7407,2017,2,15
7407,2017,3,19
7407,2017,4,20
7407,2018,1,15
7407,2018,2,19
7407,2018,3,13
7407,2018,4,13
7407,2019,1,9
7407,2019,2,18
7407,2019,3,30
7407,2019,4,12
7408,2015,1,13
7408,2015,2,16
7408,2015,3,14
7408,2015,4,12
7408,2016,1,14
7408,2016,2,11
7408,2016,3,15
7408,2016,4,12
7408,2017,1,12
7408,2017,2,17
7408,2017,3,8
7408,2017,4,10
7408,2018,1,12
7408,2018,2,15
7408,2018,3,29
7408,2018,4,13
7408,2019,1,9
7408,2019,2,13
7408,2019,3,20
7408,2019,4,15
8101,2015,1,161
8101,2015,2,201
8101,2015,3,200
8101,2015,4,167
8101,2016,1,160
8101,2016,2,189
8101,2016,3,209
8101,2016,4,193
8101,2017,1,176
8101,2017,2,180
8101,2017,3,236
8101,2017,4,191
8101,2018,1,150
8101,2018,2,205
8101,2018,3,204
8101,2018,4,197
8101,2019,1,164
8101,2019,2,202
8101,2019,3,234
8101,2019,4,199
8102,2015,1,74
8102,2015,2,78
8102,2015,3,73
8102,2015,4,69
8102,2016,1,67
8102,2016,2,70
8102,2016,3,98
8102,2016,4,75
8102,2017,1,58
8102,2017,2,74
8102,2017,3,78
8102,2017,4,59
8102,2018,1,63
8102,2018,2,80
8102,2018,3,90
8102,2018,4,86
8102,2019,1,88
8102,2019,2,92
8102,2019,3,100
8102,2019,4,74
8103,2015,1,57
8103,2015,2,57
8103,2015,3,53
8103,2015,4,58
8103,2016,1,54
8103,2016,2,68
8103,2016,3,87
8103,2016,4,53
8103,2017,1,64
8103,2017,2,59
8103,2017,3,63
8103,2017,4,60
8103,2018,1,54
8103,2018,2,65
8103,2018,3,71
8103,2018,4,43
8103,2019,1,53
8103,2019,2,55
8103,2019,3,59
8103,2019,4,59
8104,2015,1,8
8104,2015,2,9
8104,2015,3,14
8104,2015,4,8
8104,2016,1,6
8104,2016,2,6
8104,2016,3,15
8104,2016,4,13
8104,2017,1,6
8104,2017,2,4
8104,2017,3,11
8104,2017,4,8
8104,2018,1,8
8104,2018,2,12
8104,2018,3,17
8104,2018,4,11
8104,2019,1,11
8104,2019,2,15
8104,2019,3,10
8104,2019,4,6
8105,2015,1,15
8105,2015,2,12
8105,2015,3,16
8105,2015,4,20
8105,2016,1,14
8105,2016,2,16
8105,2016,3,19
8105,2016,4,18
8105,2017,1,11
8105,2017,2,24
8105,2017,3,20
8105,2017,4,15
8105,2018,1,13
8105,2018,2,23
8105,2018,3,17
8105,2018,4,23
8105,2019,1,25
8105,2019,2,14
8105,2019,3,24
8105,2019,4,16
8106,2015,1,31
8106,2015,2,33
8106,2015,3,41
8106,2015,4,34
8106,2016,1,28
8106,2016,2,37
8106,2016,3,49
8106,2016,4,49
8106,2017,1,41
8106,2017,2,57
8106,2017,3,45
8106,2017,4,37
8106,2018,1,32
8106,2018,2,33
8106,2018,3,58
8106,2018,4,31
8106,2019,1,43
8106,2019,2,32
8106,2019,3,60
8106,2019,4,47
8107,2015,1,32
8107,2015,2,30
8107,2015,3,38
8107,2015,4,36
8107,2016,1,27
8107,2016,2,30
8107,2016,3,24
8107,2016,4,21
8107,2017,1,33
8107,2017,2,34
8107,2017,3,36
8107,2017,4,42
8107,2018,1,30
8107,2018,2,31
8107,2018,3,39
8107,2018,4,20
8107,2019,1,25
8107,2019,2,39
8107,2019,3,42
8107,2019,4,35
8108,2015,1,53
8108,2015,2,62
8108,2015,3,71
8108,2015,4,68
8108,2016,1,46
8108,2016,2,52
8108,2016,3,70
8108,2016,4,61
8108,2017,1,65
8108,2017,2,83
8108,2017,3,72
8108,2017,4,62
8108,2018,1,69
8108,2018,2,82
8108,2018,3,84
8108,2018,4,61
8108,2019,1,56
8108,2019,2,75
8108,2019,3,88
8108,2019,4,66
8109,2015,1,14
8109,2015,2,13
8109,2015,3,11
8109,2015,4,14
8109,2016,1,8
8109,2016,2,14
8109,2016,3,11
8109,2016,4,9
8109,2017,1,21
8109,2017,2,17
8109,2017,3,19
8109,2017,4,12
8109,2018,1,15
8109,2018,2,19
8109,2018,3,19
8109,2018,4,14
8109,2019,1,23
8109,2019,2,14
8109,2019,3,17
8109,2019,4,9
8110,2015,1,115
8110,2015,2,116
8110,2015,3,151
8110,2015,4,126
8110,2016,1,94
8110,2016,2,109
8110,2016,3,141
8110,2016,4,121
8110,2017,1,115
8110,2017,2,158
8110,2017,3,148
8110,2017,4,152
8110,2018,1,124
8110,2018,2,151
8110,2018,3,173
8110,2018,4,137
8110,2019,1,123
8110,2019,2,139
8110,2019,3,156
8110,2019,4,151
8111,2015,1,50
8111,2015,2,45
8111,2015,3,63
8111,2015,4,56
8111,2016,1,41
8111,2016,2,52
8111,2016,3,62
8111,2016,4,48
8111,2017,1,53
8111,2017,2,72
8111,2017,3,58
8111,2017,4,57
8111,2018,1,46
8111,2018,2,61
8111,2018,3,72
8111,2018,4,72
8111,2019,1,43
8111,2019,2,71
8111,2019,3,58
8111,2019,4,55
8112,2015,1,61
8112,2015,2,59
8112,2015,3,72
8112,2015,4,62
8112,2016,1,74
8112,2016,2,74
8112,2016,3,75
8112,2016,4,66
8112,2017,1,56
8112,2017,2,78
8112,2017,3,73
8112,2017,4,59
8112,2018,1,58
8112,2018,2,69
8112,2018,3,78
8112,2018,4,86
8112,2019,1,60
8112,2019,2,89
8112,2019,3,86
8112,2019,4,75
8201,2015,1,20
8201,2015,2,21
8201,2015,3,33
8201,2015,4,27
8201,2016,1,33
8201,2016,2,22
8201,2016,3,21
8201,2016,4,20
8201,2017,1,18
8201,2017,2,20
8201,2017,3,22
8201,2017,4,13
8201,2018,1,21
8201,2018,2,18
8201,2018,3,22
8201,2018,4,17
8201,2019,1,22
8201,2019,2,16
8201,2019,3,17
8201,2019,4,16
8202,2015,1,25
8202,2015,2,28
8202,2015,3,28
8202,2015,4,30
8202,2016,1,23
8202,2016,2,23
8202,2016,3,32
8202,2016,4,25
8202,2017,1,21
8202,2017,2,19
8202,2017,3,23
8202,2017,4,22
8202,2018,1,22
8202,2018,2,33
8202,2018,3,34
8202,2018,4,25
8202,2019,1,14
8202,2019,2,36
8202,2019,3,26
8202,2019,4,25
8203,2015,1,24
8203,2015,2,20
8203,2015,3,30
8203,2015,4,23
8203,2016,1,31
8203,2016,2,30
8203,2016,3,26
8203,2016,4,16
8203,2017,1,29
8203,2017,2,41
8203,2017,3,31
8203,2017,4,29
8203,2018,1,18
8203,2018,2,28
8203,2018,3,25
8203,2018,4,22
8203,2019,1,26
8203,2019,2,34
8203,2019,3,35
8203,2019,4,33
8204,2015,1,6
8204,2015,2,5
8204,2015,3,6
8204,2015,4,4
8204,2016,1,3
8204,2016,2,1
8204,2016,3,5
8204,2016,4,8
8204,2017,1,6
8204,2017,2,6
8204,2017,3,9
8204,2017,4,8
8204,2018,1,8
8204,2018,2,4
8204,2018,3,11
8204,2018,4,8
8204,2019,1,5
8204,2019,2,2
8204,2019,3,2
8204,2019,4,7
8205,2015,1,15
8205,2015,2,18
8205,2015,3,26
8205,2015,4,23
8205,2016,1,33
8205,2016,2,20
8205,2016,3,26
8205,2016,4,26
8205,2017,1,22
8205,2017,2,29
8205,2017,3,28
8205,2017,4,28
8205,2018,1,23
8205,2018,2,30
8205,2018,3,25
8205,2018,4,28
8205,2019,1,20
8205,2019,2,32
8205,2019,3,29
8205,2019,4,25
8206,2015,1,14
8206,2015,2,12
8206,2015,3,15
8206,2015,4,17
8206,2016,1,15
8206,2016,2,22
8206,2016,3,13
8206,2016,4,21
8206,2017,1,8
8206,2017,2,25
8206,2017,3,18
8206,2017,4,17
8206,2018,1,17
8206,2018,2,27
8206,2018,3,25
8206,2018,4,22
8206,2019,1,19
8206,2019,2,12
8206,2019,3,11
8206,2019,4,20
8207,2015,1,4
8207,2015,2,7
8207,2015,3,8
8207,2015,4,6
8207,2016,1,1
8207,2016,2,6
8207,2016,3,5
8207,2016,4,7
8207,2017,1,5
8207,2017,2,5
8207,2017,3,8
8207,2017,4,6
8207,2018,1,3
8207,2018,2,12
8207,2018,3,8
8207,2018,4,9
8207,2019,1,5
8207,2019,2,6
8207,2019,3,14
8207,2019,4,5
8301,2015,1,114
8301,2015,2,138
8301,2015,3,129
8301,2015,4,133
8301,2016,1,127
8301,2016,2,146
8301,2016,3,173
8301,2016,4,157
8301,2017,1,123
8301,2017,2,162
8301,2017,3,167
8301,2017,4,158
8301,2018,1,124
8301,2018,2,165
8301,2018,3,168
8301,2018,4,171
8301,2019,1,140
8301,2019,2,172
8301,2019,3,181
8301,2019,4,140
8302,2015,1,1
8302,2015,2,7
8302,2015,3,3
8302,2015,4,5
8302,2016,1,3
8302,2016,2,5
8302,2016,3,5
8302,2016,4,2
8302,2017,1,5
8302,2017,2,1
8302,2017,3,6
8302,2017,4,4
8302,2018,1,1
8302,2018,2,7
8302,2018,3,8
8302,2018,4,5
8302,2019,1,1
8302,2019,2,4
8302,2019,3,6
8302,2019,4,6
8303,2015,1,23
8303,2015,2,15
8303,2015,3,26
8303,2015,4,16
8303,2016,1,10
8303,2016,2,23
8303,2016,3,25
8303,2016,4,17
8303,2017,1,17
8303,2017,2,27
8303,2017,3,35
8303,2017,4,28
8303,2018,1,15
8303,2018,2,24
8303,2018,3,29
8303,2018,4,20
8303,2019,1,20
8303,2019,2,24
8303,2019,3,30
8303,2019,4,17
8304,2015,1,22
8304,2015,2,16
8304,2015,3,25
8304,2015,4,12
8304,2016,1,14
8304,2016,2,18
8304,2016,3,33
8304,2016,4,23
8304,2017,1,22
8304,2017,2,23
8304,2017,3,18
8304,2017,4,19
8304,2018,1,16
8304,2018,2,21
8304,2018,3,26
8304,2018,4,15
8304,2019,1,24
8304,2019,2,14
8304,2019,3,16
8304,2019,4,17
8305,2015,1,20
8305,2015,2,30
8305,2015,3,28
8305,2015,4,25
8305,2016,1,10
8305,2016,2,19
8305,2016,3,35
8305,2016,4,31
8305,2017,1,27
8305,2017,2,37
8305,2017,3,22
8305,2017,4,32
8305,2018,1,22
8305,2018,2,35
8305,2018,3,40
8305,2018,4,34
8305,2019,1,26
8305,2019,2,23
8305,2019,3,32
8305,2019,4,25
8306,2015,1,21
8306,2015,2,21
8306,2015,3,22
8306,2015,4,14
8306,2016,1,17
8306,2016,2,27
8306,2016,3,30
8306,2016,4,25
8306,2017,1,15
8306,2017,2,23
8306,2017,3,24
8306,2017,4,23
8306,2018,1,19
8306,2018,2,25
8306,2018,3,24
8306,2018,4,21
8306,2019,1,22
8306,2019,2,26
8306,2019,3,24
8306,2019,4,23
8307,2015,1,11
8307,2015,2,5
8307,2015,3,10
8307,2015,4,9
8307,2016,1,7
8307,2016,2,6
8307,2016,3,12
8307,2016,4,5
8307,2017,1,5
8307,2017,2,7
8307,2017,3,11
8307,2017,4,10
8307,2018,1,12
8307,2018,2,5
8307,2018,3,17
8307,2018,4,8
8307,2019,1,9
8307,2019,2,4
8307,2019,3,11
8307,2019,4,11
8308,2015,1,5
8308,2015,2,1
8308,2015,3,8
8308,2015,4,6
8308,2016,1,5
8308,2016,2,6
8308,2016,3,4
8308,2016,4,1
8308,2017,1,7
8308,2017,2,3
8308,2017,3,5
8308,2017,4,5
8308,2018,1,6
8308,2018,2,3
8308,2018,3,3
8308,2018,4,2
8308,2019,1,5
8308,2019,2,7
8308,2019,3,9
8308,2019,4,6
8309,2015,1,7
8309,2015,2,8
8309,2015,3,18
8309,2015,4,15
8309,2016,1,8
8309,2016,2,9
8309,2016,3,9
8309,2016,4,11
8309,2017,1,7
8309,2017,2,11
8309,2017,3,13
8309,2017,4,8
8309,2018,1,9
8309,2018,2,11
8309,2018,3,8
8309,2018,4,11
8309,2019,1,5
8309,2019,2,7
8309,2019,3,11
8309,2019,4,12
8310,2015,1,1
8310,2015,2,7
8310,2015,3,2
8310,2016,1,2
8310,2016,2,4
8310,2016,3,4
8310,2016,4,6
8310,2017,1,2
8310,2017,2,5
8310,2017,3,2
8310,2017,4,4
8310,2018,1,3
8310,2018,2,2
8310,2018,3,4
8310,2018,4,5
8310,2019,1,2
8310,2019,2,2
8310,2019,3,6
8310,2019,4,9
8311,2015,1,10
8311,2015,2,20
8311,2015,3,11
8311,2015,4,19
8311,2016,1,19
8311,2016,2,17
8311,2016,3,15
8311,2016,4,11
8311,2017,1,13
8311,2017,2,20
8311,2017,3,12
8311,2017,4,11
8311,2018,1,15
8311,2018,2,16
8311,2018,3,22
8311,2018,4,10
8311,2019,1,13
8311,2019,2,7
8311,2019,3,9
8311,2019,4,19
8312,2015,1,14
8312,2015,2,19
8312,2015,3,24
8312,2015,4,16
8312,2016,1,13
8312,2016,2,17
8312,2016,3,15
8312,2016,4,14
8312,2017,1,24
8312,2017,2,15
8312,2017,3,16
8312,2017,4,24
8312,2018,1,13
8312,2018,2,17
8312,2018,3,21
8312,2018,4,9
8312,2019,1,19
8312,2019,2,10
8312,2019,3,20
8312,2019,4,18
8313,2015,1,17
8313,2015,2,15
8313,2015,3,25
8313,2015,4,19
8313,2016,1,19
8313,2016,2,17
8313,2016,3,29
8313,2016,4,12
8313,2017,1,22
8313,2017,2,28
8313,2017,3,22
8313,2017,4,19
8313,2018,1,16
8313,2018,2,26
8313,2018,3,25
8313,2018,4,28
8313,2019,1,20
8313,2019,2,30
8313,2019,3,20
8313,2019,4,26
8314,2015,1,2
8314,2015,2,2
8314,2015,3,1
8314,2015,4,5
8314,2016,1,6
8314,2016,2,2
8314,2016,3,3
8314,2016,4,3
8314,2017,1,3
8314,2017,2,2
8314,2017,3,4
8314,2017,4,1
8314,2018,1,2
8314,2018,3,8
8314,2018,4,1
8314,2019,1,1
8314,2019,2,3
8314,2019,3,6
8314,2019,4,2
9101,2015,1,195
9101,2015,2,218
9101,2015,3,227
9101,2015,4,224
9101,2016,1,178
9101,2016,2,197
9101,2016,3,232
9101,2016,4,166
9101,2017,1,197
9101,2017,2,220
9101,2017,3,248
9101,2017,4,208
9101,2018,1,187
9101,2018,2,223
9101,2018,3,265
9101,2018,4,210
9101,2019,1,212
9101,2019,2,261
9101,2019,3,250
9101,2019,4,234
9102,2015,1,27
9102,2015,2,19
9102,2015,3,30
9102,2015,4,25
9102,2016,1,19
9102,2016,2,27
9102,2016,3,26
9102,2016,4,18
9102,2017,1,29
9102,2017,2,25
9102,2017,3,28
9102,2017,4,25
9102,2018,1,23
9102,2018,2,26
9102,2018,3,31
9102,2018,4,16
9102,2019,1,22
9102,2019,2,26
9102,2019,3,25
9102,2019,4,27
9103,2015,1,25
9103,2015,2,23
9103,2015,3,28
9103,2015,4,15
9103,2016,1,21
9103,2016,2,24
9103,2016,3,18
9103,2016,4,16
9103,2017,1,11
9103,2017,2,32
9103,2017,3,30
9103,2017,4,21
9103,2018,1,25
9103,2018,2,20
9103,2018,3,21
9103,2018,4,14
9103,2019,1,21
9103,2019,2,19
9103,2019,3,28
9103,2019,4,20
9104,2015,1,9
9104,2015,2,3
9104,2015,3,4
9104,2015,4,3
9104,2016,1,6
9104,2016,2,10
9104,2016,3,4
9104,2016,4,5
9104,2017,1,10
9104,2017,2,10
9104,2017,3,11
9104,2017,4,5
9104,2018,1,6
9104,2018,2,7
9104,2018,3,7
9104,2018,4,6
9104,2019,1,5
9104,2019,2,2
9104,2019,3,8
9104,2019,4,5
9105,2015,1,21
9105,2015,2,24
9105,2015,3,30
9105,2015,4,30
9105,2016,1,29
9105,2016,2,34
9105,2016,3,27
9105,2016,4,22
9105,2017,1,24
9105,2017,2,21
9105,2017,3,24
9105,2017,4,27
9105,2018,1,16
9105,2018,2,20
9105,2018,3,28
9105,2018,4,18
9105,2019,1,17
9105,2019,2,21
9105,2019,3,27
9105,2019,4,27
9106,2015,1,10
9106,2015,2,10
9106,2015,3,10
9106,2015,4,11
9106,2016,1,13
9106,2016,2,22
9106,2016,3,12
9106,2016,4,6
9106,2017,1,14
9106,2017,2,15
9106,2017,3,27
9106,2017,4,15
9106,2018,1,16
9106,2018,2,8
9106,2018,3,20
9106,2018,4,11
9106,2019,1,7
9106,2019,2,13
9106,2019,3,7
9106,2019,4,13
9107,2015,1,13
9107,2015,2,22
9107,2015,3,20
9107,2015,4,18
9107,2016,1,10
9107,2016,2,17
9107,2016,3,25
9107,2016,4,19
9107,2017,1,7
9107,2017,2,22
9107,2017,3,23
9107,2017,4,17
9107,2018,1,14
9107,2018,2,18
9107,2018,3,29
9107,2018,4,14
9107,2019,1,20
9107,2019,2,16
9107,2019,3,28
9107,2019,4,29
9108,2015,1,33
9108,2015,2,24
9108,2015,3,32
9108,2015,4,32
9108,2016,1,30
9108,2016,2,27
9108,2016,3,28
9108,2016,4,24
9108,2017,1,20
9108,2017,2,42
9108,2017,3,37
9108,2017,4,35
9108,2018,1,26
9108,2018,2,28
9108,2018,3,34
9108,2018,4,38
9108,2019,1,24
9108,2019,2,32
9108,2019,3,39
9108,2019,4,28
9109,2015,1,32
9109,2015,2,17
9109,2015,3,38
9109,2015,4,20
9109,2016,1,17
9109,2016,2,34
9109,2016,3,35
9109,2016,4,35
9109,2017,1,20
9109,2017,2,23
9109,2017,3,36
9109,2017,4,22
9109,2018,1,28
9109,2018,2,27
9109,2018,3,23
9109,2018,4,26
9109,2019,1,14
9109,2019,2,26
9109,2019,3,27
9109,2019,4,16
9110,2015,1,10
9110,2015,2,7
9110,2015,3,10
9110,2015,4,3
9110,2016,1,10
9110,2016,2,10
9110,2016,3,6
9110,2016,4,9
9110,2017,1,6
9110,2017,2,7
9110,2017,3,8
9110,2017,4,10
9110,2018,1,7
9110,2018,2,6
9110,2018,3,8
9110,2018,4,6
9110,2019,1,10
9110,2019,2,9
9110,2019,3,6
9110,2019,4,11
9111,2015,1,32
9111,2015,2,40
9111,2015,3,45
9111,2015,4,34
9111,2016,1,33
9111,2016,2,26
9111,2016,3,43
9111,2016,4,41
9111,2017,1,27
9111,2017,2,47
9111,2017,3,36
9111,2017,4,33
9111,2018,1,31
9111,2018,2,40
9111,2018,3,47
9111,2018,4,28
9111,2019,1,41
9111,2019,2,50
9111,2019,3,49
9111,2019,4,25
9112,2015,1,33
9112,2015,2,46
9112,2015,3,47
9112,2015,4,45
9112,2016,1,41
9112,2016,2,52
9112,2016,3,71
9112,2016,4,50
9112,2017,1,42
9112,2017,2,57
9112,2017,3,49
9112,2017,4,47
9112,2018,1,51
9112,2018,2,54
9112,2018,3,65
9112,2018,4,44
9112,2019,1,49
9112,2019,2,62
9112,2019,3,56
9112,2019,4,50
9113,2015,1,3
9113,2015,2,5
9113,2015,3,6
9113,2015,4,2
9113,2016,1,3
9113,2016,2,6
9113,2016,3,7
9113,2016,4,5
9113,2017,1,5
9113,2017,2,6
9113,2017,3,4
9113,2017,4,2
9113,2018,1,5
9113,2018,2,8
9113,2018,3,13
9113,2018,4,5
9113,2019,1,9
9113,2019,2,7
9113,2019,3,7
9113,2019,4,7
9114,2015,1,22
9114,2015,2,22
9114,2015,3,26
9114,2015,4,25
9114,2016,1,17
9114,2016,2,29
9114,2016,3,39
9114,2016,4,17
9114,2017,1,15
9114,2017,2,35
9114,2017,3,23
9114,2017,4,22
9114,2018,1,31
9114,2018,2,25
9114,2018,3,40
9114,2018,4,23
9114,2019,1,23
9114,2019,2,28
9114,2019,3,38
9114,2019,4,43
9115,2015,1,13
9115,2015,2,11
9115,2015,3,19
9115,2015,4,19
9115,2016,1,23
9115,2016,2,12
9115,2016,3,24
9115,2016,4,15
9115,2017,1,19
9115,2017,2,17
9115,2017,3,21
9115,2017,4,19
9115,2018,1,17
9115,2018,2,23
9115,2018,3,22
9115,2018,4,21
9115,2019,1,14
9115,2019,2,26
9115,2019,3,24
9115,2019,4,28
9116,2015,1,13
9116,2015,2,18
9116,2015,3,20
9116,2015,4,10
9116,2016,1,19
9116,2016,2,16
9116,2016,3,24
9116,2016,4,29
9116,2017,1,14
9116,2017,2,15
9116,2017,3,29
9116,2017,4,13
9116,2018,1,24
9116,2018,2,17
9116,2018,3,16
9116,2018,4,16
9116,2019,1,16
9116,2019,2,13
9116,2019,3,16
9116,2019,4,11
9117,2015,1,18
9117,2015,2,19
9117,2015,3,20
9117,2015,4,17
9117,2016,1,10
9117,2016,2,12
9117,2016,3,19
9117,2016,4,18
9117,2017,1,15
9117,2017,2,18
9117,2017,3,17
9117,2017,4,13
9117,2018,1,14
9117,2018,2,17
9117,2018,3,18
9117,2018,4,19
9117,2019,1,17
9117,2019,2,27
9117,2019,3,18
9117,2019,4,21
9118,2015,1,11
9118,2015,2,13
9118,2015,3,12
9118,2015,4,14
9118,2016,1,11
9118,2016,2,18
9118,2016,3,18
9118,2016,4,14
9118,2017,1,4
9118,2017,2,11
9118,2017,3,20
9118,2017,4,8
9118,2018,1,7
9118,2018,2,6
9118,2018,3,16
9118,2018,4,9
9118,2019,1,11
9118,2019,2,13
9118,2019,3,17
9118,2019,4,13
9119,2015,1,21
9119,2015,2,26
9119,2015,3,23
9119,2015,4,13
9119,2016,1,16
9119,2016,2,20
9119,2016,3,23
9119,2016,4,23
9119,2017,1,16
9119,2017,2,17
9119,2017,3,30
9119,2017,4,16
9119,2018,1,22
9119,2018,2,32
9119,2018,3,26
9119,2018,4,15
9119,2019,1,26
9119,2019,2,30
9119,2019,3,18
9119,2019,4,16
9120,2015,1,35
9120,2015,2,51
9120,2015,3,57
9120,2015,4,45
9120,2016,1,44
9120,2016,2,41
9120,2016,3,41
9120,2016,4,38
9120,2017,1,41
9120,2017,2,34
9120,2017,3,62
9120,2017,4,29
9120,2018,1,55
9120,2018,2,40
9120,2018,3,52
9120,2018,4,42
9120,2019,1,46
9120,2019,2,52
9120,2019,3,55
9120,2019,4,44
9121,2015,1,14
9121,2015,2,10
9121,2015,3,11
9121,2015,4,12
9121,2016,1,5
9121,2016,2,8
9121,2016,3,12
9121,2016,4,12
9121,2017,1,15
9121,2017,2,12
9121,2017,3,15
9121,2017,4,15
9121,2018,1,13
9121,2018,2,19
9121,2018,3,20
9121,2018,4,8
9121,2019,1,9
9121,2019,2,16
9121,2019,3,15
9121,2019,4,16
9201,2015,1,37
9201,2015,2,51
9201,2015,3,49
9201,2015,4,47
9201,2016,1,46
9201,2016,2,46
9201,2016,3,61
9201,2016,4,54
9201,2017,1,44
9201,2017,2,76
9201,2017,3,57
9201,2017,4,47
9201,2018,1,49
9201,2018,2,48
9201,2018,3,63
9201,2018,4,50
9201,2019,1,47
9201,2019,2,48
9201,2019,3,49
9201,2019,4,67
9202,2015,1,19
9202,2015,2,24
9202,2015,3,15
9202,2015,4,20
9202,2016,1,18
9202,2016,2,21
9202,2016,3,25
9202,2016,4,16
9202,2017,1,11
9202,2017,2,19
9202,2017,3,32
9202,2017,4,22
9202,2018,1,10
9202,2018,2,18
9202,2018,3,30
9202,2018,4,12
9202,2019,1,22
9202,2019,2,24
9202,2019,3,27
9202,2019,4,22
9203,2015,1,8
9203,2015,2,23
9203,2015,3,25
9203,2015,4,12
9203,2016,1,11
9203,2016,2,24
9203,2016,3,13
9203,2016,4,22
9203,2017,1,15
9203,2017,2,19
9203,2017,3,25
9203,2017,4,14
9203,2018,1,15
9203,2018,2,17
9203,2018,3,25
9203,2018,4,19
9203,2019,1,26
9203,2019,2,16
9203,2019,3,14
9203,2019,4,23
9204,2015,1,6
9204,2015,2,2
9204,2015,3,6
9204,2015,4,8
9204,2016,1,5
9204,2016,2,7
9204,2016,3,7
9204,2016,4,9
9204,2017,1,6
9204,2017,2,15
9204,2017,3,12
9204,2017,4,7
9204,2018,1,6
9204,2018,2,5
9204,2018,3,9
9204,2018,4,7
9204,2019,1,9
9204,2019,2,14
9204,2019,3,10
9204,2019,4,9
9205,2015,1,5
9205,2015,2,5
9205,2015,3,5
9205,2015,4,6
9205,2016,1,7
9205,2016,2,4
9205,2016,3,5
9205,2016,4,11
9205,2017,1,9
9205,2017,2,10
9205,2017,3,9
9205,2017,4,10
9205,2018,1,7
9205,2018,2,8
9205,2018,3,11
9205,2018,4,5
9205,2019,1,8
9205,2019,2,5
9205,2019,3,8
9205,2019,4,13
9206,2015,1,4
9206,2015,2,8
9206,2015,3,10
9206,2015,4,4
9206,2016,1,4
9206,2016,2,7
9206,2016,3,10
9206,2016,4,8
9206,2017,1,8
9206,2017,2,12
9206,2017,3,9
9206,2017,4,8
9206,2018,1,11
9206,2018,2,9
9206,2018,3,3
9206,2018,4,7
9206,2019,1,13
9206,2019,2,13
9206,2019,3,14
9206,2019,4,7
9207,2015,1,11
9207,2015,2,6
9207,2015,3,9
9207,2015,4,9
9207,2016,1,5
9207,2016,2,6
9207,2016,3,12
9207,2016,4,5
9207,2017,1,9
9207,2017,2,11
9207,2017,3,5
9207,2017,4,9
9207,2018,1,2
9207,2018,2,17
9207,2018,3,5
9207,2018,4,12
9207,2019,1,9
9207,2019,2,6
9207,2019,3,9
9207,2019,4,10
9208,2015,1,11
9208,2015,2,19
9208,2015,3,15
9208,2015,4,12
9208,2016,1,6
9208,2016,2,10
9208,2016,3,12
9208,2016,4,13
9208,2017,1,11
9208,2017,2,19
9208,2017,3,15
9208,2017,4,12
9208,2018,1,8
9208,2018,2,14
9208,2018,3,13
9208,2018,4,11
9208,2019,1,19
9208,2019,2,14
9208,2019,3,14
9208,2019,4,12
9209,2015,1,6
9209,2015,2,11
9209,2015,3,8
9209,2015,4,8
9209,2016,1,11
9209,2016,2,7
9209,2016,3,17
9209,2016,4,8
9209,2017,1,7
9209,2017,2,6
9209,2017,3,9
9209,2017,4,8
9209,2018,1,3
9209,2018,2,7
9209,2018,3,11
9209,2018,4,5
9209,2019,1,8
9209,2019,2,5
9209,2019,3,12
9209,2019,4,9
9210,2015,1,21
9210,2015,2,20
9210,2015,3,28
9210,2015,4,26
9210,2016,1,24
9210,2016,2,37
9210,2016,3,34
9210,2016,4,26
9210,2017,1,28
9210,2017,2,32
9210,2017,3,35
9210,2017,4,19
9210,2018,1,19
9210,2018,2,19
9210,2018,3,33
9210,2018,4,28
9210,2019,1,26
9210,2019,2,21
9210,2019,3,38
9210,2019,4,27
9211,2015,1,36
9211,2015,2,35
9211,2015,3,49
9211,2015,4,24
9211,2016,1,35
9211,2016,2,51
9211,2016,3,46
9211,2016,4,34
9211,2017,1,30
9211,2017,2,38
9211,2017,3,40
9211,2017,4,32
9211,2018,1,32
9211,2018,2,43
9211,2018,3,43
9211,2018,4,38
9211,2019,1,25
9211,2019,2,40
9211,2019,3,31
9211,2019,4,46
10101,2015,1,113
10101,2015,2,125
10101,2015,3,129
10101,2015,4,159
10101,2016,1,101
10101,2016,2,122
10101,2016,3,142
10101,2016,4,127
10101,2017,1,130
10101,2017,2,146
10101,2017,3,137
10101,2017,4,141
10101,2018,1,125
10101,2018,2,130
10101,2018,3,164
10101,2018,4,147
10101,2019,1,116
10101,2019,2,133
10101,2019,3,145
10101,2019,4,124
10102,2015,1,25
10102,2015,2,18
10102,2015,3,41
10102,2015,4,42
10102,2016,1,22
10102,2016,2,30
10102,2016,3,27
10102,2016,4,28
10102,2017,1,32
10102,2017,2,30
10102,2017,3,34
10102,2017,4,32
10102,2018,1,32
10102,2018,2,30
10102,2018,3,36
10102,2018,4,38
10102,2019,1,32
10102,2019,2,29
10102,2019,3,32
10102,2019,4,30
10103,2015,1,3
10103,2015,2,1
10103,2015,3,7
10103,2015,4,1
10103,2016,1,4
10103,2016,2,5
10103,2016,3,3
10103,2016,4,3
10103,2017,1,6
10103,2017,2,2
10103,2017,3,3
10103,2017,4,8
10103,2018,1,7
10103,2018,2,3
10103,2018,3,3
10103,2018,4,4
10103,2019,1,5
10103,2019,2,4
10103,2019,3,5
10103,2019,4,2
10104,2015,1,9
10104,2015,2,6
10104,2015,3,23
10104,2015,4,7
10104,2016,1,12
10104,2016,2,12
10104,2016,3,15
10104,2016,4,18
10104,2017,1,14
10104,2017,2,18
10104,2017,3,18
10104,2017,4,12
10104,2018,1,10
10104,2018,2,17
10104,2018,3,15
10104,2018,4,11
10104,2019,1,11
10104,2019,2,12
10104,2019,3,9
10104,2019,4,7
10105,2015,1,3
10105,2015,2,11
10105,2015,3,13
10105,2015,4,15
10105,2016,1,14
10105,2016,2,15
10105,2016,3,11
10105,2016,4,13
10105,2017,1,9
10105,2017,2,15
10105,2017,3,14
10105,2017,4,19
10105,2018,1,12
10105,2018,2,18
10105,2018,3,16
10105,2018,4,15
10105,2019,1,10
10105,2019,2,18
10105,2019,3,20
10105,2019,4,21
10106,2015,1,9
10106,2015,2,12
10106,2015,3,18
10106,2015,4,16
10106,2016,1,15
10106,2016,2,9
10106,2016,3,15
10106,2016,4,24
10106,2017,1,18
10106,2017,2,11
10106,2017,3,25
10106,2017,4,20
10106,2018,1,18
10106,2018,2,22
10106,2018,3,9
10106,2018,4,13
10106,2019,1,13
10106,2019,2,9
10106,2019,3,13
10106,2019,4,16
10107,2015,1,10
10107,2015,2,4
10107,2015,3,10
10107,2015,4,13
10107,2016,1,14
10107,2016,2,11
10107,2016,3,16
10107,2016,4,11
10107,2017,1,11
10107,2017,2,18
10107,2017,3,19
10107,2017,4,13
10107,2018,1,17
10107,2018,2,22
10107,2018,3,19
10107,2018,4,14
10107,2019,1,9
10107,2019,2,12
10107,2019,3,15
10107,2019,4,9
10108,2015,1,14
10108,2015,2,14
10108,2015,3,11
10108,2015,4,18
10108,2016,1,12
10108,2016,2,11
10108,2016,3,16
10108,2016,4,14
10108,2017,1,11
10108,2017,2,15
10108,2017,3,16
10108,2017,4,11
10108,2018,1,13
10108,2018,2,16
10108,2018,3,17
10108,2018,4,6
10108,2019,1,16
10108,2019,2,17
10108,2019,3,14
10108,2019,4,12
10109,2015,1,30
10109,2015,2,28
10109,2015,3,24
10109,2015,4,33
10109,2016,1,17
10109,2016,2,19
10109,2016,3,30
10109,2016,4,15
10109,2017,1,23
10109,2017,2,25
10109,2017,3,23
10109,2017,4,30
10109,2018,1,19
10109,2018,2,31
10109,2018,3,35
10109,2018,4,23
10109,2019,1,26
10109,2019,2,38
10109,2019,3,24
10109,2019,4,26
10201,2015,1,33
10201,2015,2,39
10201,2015,3,44
10201,2015,4,39
10201,2016,1,26
10201,2016,2,35
10201,2016,3,43
10201,2016,4,33
10201,2017,1,33
10201,2017,2,58
10201,2017,3,46
10201,2017,4,27
10201,2018,1,36
10201,2018,2,35
10201,2018,3,43
10201,2018,4,26
10201,2019,1,28
10201,2019,2,42
10201,2019,3,43
10201,2019,4,44
10202,2015,1,30
10202,2015,2,19
10202,2015,3,42
10202,2015,4,26
10202,2016,1,31
10202,2016,2,37
10202,2016,3,40
10202,2016,4,28
10202,2017,1,30
10202,2017,2,35
10202,2017,3,38
10202,2017,4,36
10202,2018,1,29
10202,2018,2,45
10202,2018,3,45
10202,2018,4,39
10202,2019,1,45
10202,2019,2,31
10202,2019,3,47
10202,2019,4,41
10203,2015,1,6
10203,2015,2,11
10203,2015,3,15
10203,2015,4,10
10203,2016,1,14
10203,2016,2,13
10203,2016,3,7
10203,2016,4,6
10203,2017,1,9
10203,2017,2,12
10203,2017,3,17
10203,2017,4,11
10203,2018,1,8
10203,2018,2,10
10203,2018,3,12
10203,2018,4,15
10203,2019,1,16
10203,2019,2,11
10203,2019,3,15
10203,2019,4,12
10204,2015,1,3
10204,2015,2,5
10204,2015,3,4
10204,2015,4,4
10204,2016,1,1
10204,2016,2,4
10204,2016,3,1
10204,2016,4,4
10204,2017,1,3
10204,2017,2,4
10204,2017,3,3
10204,2017,4,5
10204,2018,1,5
10204,2018,2,6
10204,2018,3,8
10204,2018,4,9
10204,2019,1,2
10204,2019,2,4
10204,2019,3,4
10204,2019,4,2
10205,2015,1,7
10205,2015,2,11
10205,2015,3,3
10205,2015,4,13
10205,2016,1,11
10205,2016,2,9
10205,2016,3,10
10205,2016,4,11
10205,2017,1,12
10205,2017,2,11
10205,2017,3,16
10205,2017,4,11
10205,2018,1,9
10205,2018,2,13
10205,2018,3,14
10205,2018,4,12
10205,2019,1,13
10205,2019,2,14
10205,2019,3,9
10205,2019,4,10
10206,2015,1,4
10206,2015,2,3
10206,2015,3,2
10206,2015,4,2
10206,2016,1,4
10206,2016,2,6
10206,2016,3,5
10206,2016,4,7
10206,2017,1,2
10206,2017,2,7
10206,2017,3,5
10206,2017,4,6
10206,2018,1,4
10206,2018,2,4
10206,2018,3,9
10206,2018,4,2
10206,2019,1,2
10206,2019,2,4
10206,2019,3,9
10206,2019,4,5
10207,2015,1,2
10207,2015,2,3
10207,2015,3,4
10207,2015,4,6
10207,2016,1,3
10207,2016,2,8
10207,2016,3,4
10207,2016,4,8
10207,2017,1,3
10207,2017,2,6
10207,2017,3,7
10207,2017,4,8
10207,2018,1,5
10207,2018,2,4
10207,2018,3,6
10207,2018,4,9
10207,2019,1,4
10207,2019,2,8
10207,2019,3,2
10207,2019,4,6
10208,2015,1,9
10208,2015,2,12
10208,2015,3,11
10208,2015,4,13
10208,2016,1,5
10208,2016,2,11
10208,2016,3,11
10208,2016,4,12
10208,2017,1,10
10208,2017,2,23
10208,2017,3,19
10208,2017,4,10
10208,2018,1,5
10208,2018,2,9
10208,2018,3,20
10208,2018,4,8
10208,2019,1,13
10208,2019,2,13
10208,2019,3,20
10208,2019,4,9
10209,2015,1,7
10209,2015,2,9
10209,2015,3,9
10209,2015,4,8
10209,2016,1,6
10209,2016,2,5
10209,2016,3,10
10209,2016,4,8
10209,2017,1,6
10209,2017,2,8
10209,2017,3,13
10209,2017,4,8
10209,2018,1,8
10209,2018,2,14
10209,2018,3,14
10209,2018,4,8
10209,2019,1,10
10209,2019,2,16
10209,2019,3,13
10209,2019,4,6
10210,2015,1,11
10210,2015,2,10
10210,2015,3,9
10210,2015,4,9
10210,2016,1,8
10210,2016,2,6
10210,2016,3,10
10210,2016,4,14
10210,2017,1,2
10210,2017,2,13
10210,2017,3,15
10210,2017,4,10
10210,2018,1,9
10210,2018,2,10
10210,2018,3,9
10210,2018,4,6
10210,2019,1,10
10210,2019,2,9
10210,2019,3,11
10210,2019,4,8
10301,2015,1,132
10301,2015,2,145
10301,2015,3,174
10301,2015,4,145
10301,2016,1,115
10301,2016,2,151
10301,2016,3,173
10301,2016,4,153
10301,2017,1,123
10301,2017,2,147
10301,2017,3,152
10301,2017,4,137
10301,2018,1,142
10301,2018,2,135
10301,2018,3,156
10301,2018,4,150
10301,2019,1,106
10301,2019,2,130
10301,2019,3,159
10301,2019,4,137
10302,2015,1,7
10302,2015,2,8
10302,2015,3,9
10302,2015,4,8
10302,2016,1,10
10302,2016,2,5
10302,2016,3,6
10302,2016,4,8
10302,2017,1,9
10302,2017,2,9
10302,2017,3,7
10302,2017,4,11
10302,2018,1,7
10302,2018,2,3
10302,2018,3,10
10302,2018,4,3
10302,2019,1,5
10302,2019,2,6
10302,2019,3,10
10302,2019,4,9
10303,2015,1,23
10303,2015,2,22
10303,2015,3,27
10303,2015,4,22
10303,2016,1,12
10303,2016,2,18
10303,2016,3,28
10303,2016,4,18
10303,2017,1,29
10303,2017,2,31
10303,2017,3,32
10303,2017,4,16
10303,2018,1,19
10303,2018,2,24
10303,2018,3,26
10303,2018,4,21
10303,2019,1,19
10303,2019,2,20
10303,2019,3,26
10303,2019,4,17
10304,2015,1,6
10304,2015,2,6
10304,2015,3,11
10304,2015,4,9
10304,2016,1,9
10304,2016,2,7
10304,2016,3,13
10304,2016,4,7
10304,2017,1,13
10304,2017,2,11
10304,2017,3,13
10304,2017,4,19
10304,2018,1,7
10304,2018,2,10
10304,2018,3,15
10304,2018,4,9
10304,2019,1,9
10304,2019,2,11
10304,2019,3,12
10304,2019,4,12
10305,2015,1,17
10305,2015,2,14
10305,2015,3,18
10305,2015,4,11
10305,2016,1,16
10305,2016,2,9
10305,2016,3,14
10305,2016,4,14
10305,2017,1,12
10305,2017,2,13
10305,2017,3,18
10305,2017,4,20
10305,2018,1,12
10305,2018,2,19
10305,2018,3,18
10305,2018,4,24
10305,2019,1,11
10305,2019,2,14
10305,2019,3,21
10305,2019,4,10
10306,2015,1,4
10306,2015,2,4
10306,2015,3,9
10306,2015,4,6
10306,2016,1,6
10306,2016,2,8
10306,2016,3,13
10306,2016,4,12
10306,2017,1,6
10306,2017,2,7
10306,2017,3,13
10306,2017,4,5
10306,2018,1,6
10306,2018,2,11
10306,2018,3,8
10306,2018,4,14
10306,2019,1,13
10306,2019,2,16
10306,2019,3,7
10306,2019,4,2
10307,2015,1,11
10307,2015,2,7
10307,2015,3,10
10307,2015,4,9
10307,2016,1,7
10307,2016,2,9
10307,2016,3,15
10307,2016,4,10
10307,2017,1,14
10307,2017,2,10
10307,2017,3,18
10307,2017,4,7
10307,2018,1,8
10307,2018,2,11
10307,2018,3,15
10307,2018,4,10
10307,2019,1,17
10307,2019,2,16
10307,2019,3,8
10307,2019,4,13
10401,2015,1,2
10401,2015,2,3
10401,2015,3,2
10401,2015,4,1
10401,2016,1,5
10401,2016,2,2
10401,2016,3,4
10401,2016,4,1
10401,2017,1,1
10401,2017,2,1
10401,2017,3,4
10401,2017,4,2
10401,2018,1,4
10401,2018,2,2
10401,2018,3,8
10401,2018,4,3
10401,2019,1,4
10401,2019,2,4
10401,2019,3,2
10401,2019,4,7
10402,2015,1,2
10402,2015,2,2
10402,2015,3,3
10402,2015,4,1
10402,2016,1,1
10402,2016,2,1
10402,2016,3,2
10402,2017,1,1
10402,2017,2,2
10402,2017,3,1
10402,2017,4,1
10402,2018,2,1
10402,2018,3,2
10402,2018,4,3
10402,2019,1,2
10402,2019,2,4
10402,2019,3,1
10402,2019,4,4
10403,2015,1,6
10403,2015,2,3
10403,2015,3,3
10403,2015,4,8
10403,2016,1,6
10403,2016,2,9
10403,2016,3,9
10403,2016,4,4
10403,2017,1,6
10403,2017,2,5
10403,2017,3,10
10403,2017,4,8
10403,2018,1,3
10403,2018,2,10
10403,2018,3,5
10403,2018,4,7
10403,2019,1,8
10403,2019,2,7
10403,2019,3,10
10403,2019,4,4
10404,2015,1,2
10404,2015,2,1
10404,2015,3,1
10404,2015,4,1
10404,2016,1,2
10404,2016,3,2
10404,2016,4,2
10404,2017,1,1
10404,2017,2,1
10404,2017,3,1
10404,2018,2,1
10404,2018,3,2
10404,2019,2,1
10404,2019,3,2
11101,2015,1,31
11101,2015,2,14
11101,2015,3,32
11101,2015,4,26
11101,2016,1,22
11101,2016,2,25
11101,2016,3,29
11101,2016,4,28
11101,2017,1,28
11101,2017,2,36
11101,2017,3,34
11101,2017,4,37
11101,2018,1,28
11101,2018,2,32
11101,2018,3,34
11101,2018,4,42
11101,2019,1,22
11101,2019,2,32
11101,2019,3,33
11101,2019,4,30
11102,2015,3,1
11102,2015,4,1
11102,2017,2,2
11102,2018,1,1
11102,2018,2,1
11102,2018,4,1
11102,2019,2,1
11102,2019,4,2
11201,2015,1,9
11201,2015,2,12
11201,2015,3,13
11201,2015,4,12
11201,2016,1,8
11201,2016,2,8
11201,2016,3,18
11201,2016,4,12
11201,2017,1,10
11201,2017,2,16
11201,2017,3,19
11201,2017,4,12
11201,2018,1,15
11201,2018,2,9
11201,2018,3,16
11201,2018,4,9
11201,2019,1,13
11201,2019,2,17
11201,2019,3,13
11201,2019,4,11
11202,2015,1,2
11202,2015,2,1
11202,2015,3,6
11202,2015,4,2
11202,2016,2,1
11202,2016,3,1
11202,2016,4,2
11202,2017,1,3
11202,2017,2,4
11202,2017,3,7
11202,2017,4,3
11202,2018,1,3
11202,2018,2,4
11202,2018,3,3
11202,2019,1,4
11202,2019,2,7
11202,2019,3,3
11202,2019,4,5
11203,2015,1,1
11203,2015,3,1
11203,2016,1,2
11203,2016,2,1
11203,2017,3,1
11203,2018,2,1
11203,2018,3,1
11203,2018,4,2
11203,2019,1,4
11203,2019,3,1
11301,2015,2,2
11301,2015,3,1
11301,2015,4,2
11301,2016,1,1
11301,2016,2,1
11301,2017,1,3
11301,2017,2,2
11301,2017,3,1
11301,2017,4,1
11301,2018,1,2
11301,2018,2,2
11301,2018,3,3
11301,2018,4,1
11301,2019,3,1
11301,2019,4,1
11302,2015,2,1
11302,2015,4,2
11303,2015,4,1
11303,2018,1,1
11303,2018,3,1
11303,2019,1,1
11303,2019,2,1
11401,2015,1,4
11401,2015,2,5
11401,2015,3,6
11401,2015,4,5
11401,2016,1,4
11401,2016,2,3
11401,2016,3,2
11401,2016,4,1
11401,2017,2,5
11401,2017,3,5
11401,2017,4,6
11401,2018,1,6
11401,2018,2,3
11401,2018,3,3
11401,2018,4,6
11401,2019,1,3
11401,2019,2,2
11401,2019,3,2
11401,2019,4,2
11402,2015,1,6
11402,2015,2,4
11402,2015,3,3
11402,2015,4,3
11402,2016,1,5
11402,2016,2,3
11402,2016,3,4
11402,2016,4,3
11402,2017,1,2
11402,2017,2,2
11402,2017,3,3
11402,2017,4,4
11402,2018,1,2
11402,2018,3,1
11402,2018,4,1
11402,2019,1,4
11402,2019,2,2
11402,2019,4,1
12101,2015,1,90
12101,2015,2,86
12101,2015,3,110
12101,2015,4,98
12101,2016,1,91
12101,2016,2,101
12101,2016,3,122
12101,2016,4,111
12101,2017,1,102
12101,2017,2,112
12101,2017,3,128
12101,2017,4,110
12101,2018,1,104
12101,2018,2,126
12101,2018,3,132
12101,2018,4,105
12101,2019,1,92
12101,2019,2,118
12101,2019,3,152
12101,2019,4,91
12104,2018,2,1
12201,2016,4,1
12201,2017,3,1
12201,2019,1,1
12202,2015,2,1
12301,2015,1,2
12301,2015,2,4
12301,2015,3,9
12301,2015,4,5
12301,2016,1,3
12301,2016,2,6
12301,2016,3,2
12301,2016,4,5
12301,2017,1,5
12301,2017,2,2
12301,2017,3,3
12301,2017,4,6
12301,2018,1,7
12301,2018,2,5
12301,2018,3,3
12301,2018,4,2
12301,2019,1,7
12301,2019,2,5
12301,2019,3,7
12301,2019,4,3
12302,2019,3,2
12401,2015,1,17
12401,2015,2,16
12401,2015,3,18
12401,2015,4,23
12401,2016,1,16
12401,2016,2,16
12401,2016,3,18
12401,2016,4,20
12401,2017,1,19
12401,2017,2,26
12401,2017,3,19
12401,2017,4,25
12401,2018,1,22
12401,2018,2,17
12401,2018,3,20
12401,2018,4,21
12401,2019,1,26
12401,2019,2,25
12401,2019,3,15
12401,2019,4,21
12402,2016,4,1
13101,2015,1,138
13101,2015,2,197
13101,2015,3,237
13101,2015,4,201
13101,2016,1,163
13101,2016,2,199
13101,2016,3,255
13101,2016,4,184
13101,2017,1,170
13101,2017,2,258
13101,2017,3,209
13101,2017,4,149
13101,2018,1,167
13101,2018,2,199
13101,2018,3,219
13101,2018,4,215
13101,2019,1,176
13101,2019,2,234
13101,2019,3,250
13101,2019,4,194
13102,2015,1,47
13102,2015,2,66
13102,2015,3,60
13102,2015,4,52
13102,2016,1,53
13102,2016,2,50
13102,2016,3,72
13102,2016,4,50
13102,2017,1,56
13102,2017,2,59
13102,2017,3,68
13102,2017,4,48
13102,2018,1,42
13102,2018,2,50
13102,2018,3,69
13102,2018,4,58
13102,2019,1,39
13102,2019,2,64
13102,2019,3,64
13102,2019,4,55
13103,2015,1,79
13103,2015,2,117
13103,2015,3,100
13103,2015,4,97
13103,2016,1,95
13103,2016,2,104
13103,2016,3,133
13103,2016,4,82
13103,2017,1,84
13103,2017,2,123
13103,2017,3,140
13103,2017,4,99
13103,2018,1,77
13103,2018,2,111
13103,2018,3,129
13103,2018,4,113
13103,2019,1,93
13103,2019,2,113
13103,2019,3,130
13103,2019,4,112
13104,2015,1,133
13104,2015,2,121
13104,2015,3,141
13104,2015,4,115
13104,2016,1,121
13104,2016,2,114
13104,2016,3,148
13104,2016,4,111
13104,2017,1,117
13104,2017,2,141
13104,2017,3,167
13104,2017,4,123
13104,2018,1,102
13104,2018,2,145
13104,2018,3,173
13104,2018,4,127
13104,2019,1,99
13104,2019,2,155
13104,2019,3,139
13104,2019,4,132
13105,2015,1,104
13105,2015,2,127
13105,2015,3,134
13105,2015,4,128
13105,2016,1,110
13105,2016,2,127
13105,2016,3,127
13105,2016,4,101
13105,2017,1,96
13105,2017,2,127
13105,2017,3,173
13105,2017,4,126
13105,2018,1,112
13105,2018,2,116
13105,2018,3,125
13105,2018,4,115
13105,2019,1,119
13105,2019,2,164
13105,2019,3,140
13105,2019,4,101
13106,2015,1,100
13106,2015,2,110
13106,2015,3,142
13106,2015,4,128
13106,2016,1,77
13106,2016,2,126
13106,2016,3,152
13106,2016,4,88
13106,2017,1,88
13106,2017,2,133
13106,2017,3,147
13106,2017,4,84
13106,2018,1,82
13106,2018,2,120
13106,2018,3,154
13106,2018,4,114
13106,2019,1,87
13106,2019,2,133
13106,2019,3,154
13106,2019,4,103
13107,2015,1,44
13107,2015,2,29
13107,2015,3,64
13107,2015,4,42
13107,2016,1,30
13107,2016,2,54
13107,2016,3,56
13107,2016,4,54
13107,2017,1,36
13107,2017,2,58
13107,2017,3,62
13107,2017,4,32
13107,2018,1,43
13107,2018,2,49
13107,2018,3,74
13107,2018,4,62
13107,2019,1,49
13107,2019,2,69
13107,2019,3,68
13107,2019,4,64
13108,2015,1,106
13108,2015,2,124
13108,2015,3,143
13108,2015,4,122
13108,2016,1,98
13108,2016,2,117
13108,2016,3,166
13108,2016,4,108
13108,2017,1,132
13108,2017,2,129
13108,2017,3,134
13108,2017,4,95
13108,2018,1,97
13108,2018,2,104
13108,2018,3,131
13108,2018,4,105
13108,2019,1,92
13108,2019,2,123
13108,2019,3,124
13108,2019,4,127
13109,2015,1,106
13109,2015,2,120
13109,2015,3,119
13109,2015,4,107
13109,2016,1,108
13109,2016,2,127
13109,2016,3,142
13109,2016,4,114
13109,2017,1,96
13109,2017,2,127
13109,2017,3,148
13109,2017,4,107
13109,2018,1,92
13109,2018,2,129
13109,2018,3,130
13109,2018,4,106
13109,2019,1,79
13109,2019,2,124
13109,2019,3,139
13109,2019,4,129
13110,2015,1,197
13110,2015,2,257
13110,2015,3,275
13110,2015,4,227
13110,2016,1,221
13110,2016,2,288
13110,2016,3,309
13110,2016,4,217
13110,2017,1,237
13110,2017,2,279
13110,2017,3,312
13110,2017,4,262
13110,2018,1,216
13110,2018,2,280
13110,2018,3,309
13110,2018,4,282
13110,2019,1,265
13110,2019,2,341
13110,2019,3,361
13110,2019,4,261
13111,2015,1,101
13111,2015,2,87
13111,2015,3,102
13111,2015,4,85
13111,2016,1,80
13111,2016,2,103
13111,2016,3,108
13111,2016,4,92
13111,2017,1,79
13111,2017,2,103
13111,2017,3,139
13111,2017,4,69
13111,2018,1,84
13111,2018,2,78
13111,2018,3,118
13111,2018,4,85
13111,2019,1,86
13111,2019,2,117
13111,2019,3,134
13111,2019,4,87
13112,2015,1,64
13112,2015,2,71
13112,2015,3,88
13112,2015,4,67
13112,2016,1,63
13112,2016,2,85
13112,2016,3,97
13112,2016,4,57
13112,2017,1,62
13112,2017,2,102
13112,2017,3,94
13112,2017,4,72
13112,2018,1,75
13112,2018,2,99
13112,2018,3,112
13112,2018,4,85
13112,2019,1,80
13112,2019,2,106
13112,2019,3,117
13112,2019,4,89
13113,2015,1,88
13113,2015,2,116
13113,2015,3,111
13113,2015,4,90
13113,2016,1,86
13113,2016,2,110
13113,2016,3,119
13113,2016,4,100
13113,2017,1,102
13113,2017,2,112
13113,2017,3,116
13113,2017,4,85
13113,2018,1,96
13113,2018,2,103
13113,2018,3,122
13113,2018,4,99
13113,2019,1,75
13113,2019,2,107
13113,2019,3,131
13113,2019,4,113
13114,2015,1,269
13114,2015,2,317
13114,2015,3,340
13114,2015,4,310
13114,2016,1,295
13114,2016,2,295
13114,2016,3,341
13114,2016,4,275
13114,2017,1,302
13114,2017,2,375
13114,2017,3,360
13114,2017,4,268
13114,2018,1,262
13114,2018,2,364
13114,2018,3,393
13114,2018,4,306
13114,2019,1,282
13114,2019,2,367
13114,2019,3,398
13114,2019,4,329
13115,2015,1,39
13115,2015,2,55
13115,2015,3,59
13115,2015,4,42
13115,2016,1,41
13115,2016,2,55
13115,2016,3,49
13115,2016,4,54
13115,2017,1,42
13115,2017,2,54
13115,2017,3,56
13115,2017,4,38
13115,2018,1,51
13115,2018,2,54
13115,2018,3,68
13115,2018,4,59
13115,2019,1,57
13115,2019,2,59
13115,2019,3,54
13115,2019,4,62
13116,2015,1,86
13116,2015,2,81
13116,2015,3,116
13116,2015,4,88
13116,2016,1,84
13116,2016,2,102
13116,2016,3,114
13116,2016,4,75
13116,2017,1,73
13116,2017,2,113
13116,2017,3,114
13116,2017,4,78
13116,2018,1,81
13116,2018,2,94
13116,2018,3,104
13116,2018,4,87
13116,2019,1,89
13116,2019,2,106
13116,2019,3,103
13116,2019,4,86
13117,2015,1,68
13117,2015,2,67
13117,2015,3,99
13117,2015,4,68
13117,2016,1,76
13117,2016,2,83
13117,2016,3,110
13117,2016,4,64
13117,2017,1,70
13117,2017,2,96
13117,2017,3,112
13117,2017,4,84
13117,2018,1,71
13117,2018,2,81
13117,2018,3,96
13117,2018,4,80
13117,2019,1,73
13117,2019,2,115
13117,2019,3,102
13117,2019,4,88
13118,2015,1,99
13118,2015,2,93
13118,2015,3,115
13118,2015,4,102
13118,2016,1,92
13118,2016,2,126
13118,2016,3,156
13118,2016,4,109
13118,2017,1,114
13118,2017,2,146
13118,2017,3,149
13118,2017,4,111
13118,2018,1,104
13118,2018,2,97
13118,2018,3,143
13118,2018,4,111
13118,2019,1,111
13118,2019,2,116
13118,2019,3,140
13118,2019,4,117
13119,2015,1,215
13119,2015,2,268
13119,2015,3,325
13119,2015,4,266
13119,2016,1,240
13119,2016,2,298
13119,2016,3,328
13119,2016,4,266
13119,2017,1,276
13119,2017,2,345
13119,2017,3,363
13119,2017,4,276
13119,2018,1,237
13119,2018,2,303
13119,2018,3,340
13119,2018,4,261
13119,2019,1,236
13119,2019,2,326
13119,2019,3,351
13119,2019,4,290
13120,2015,1,191
13120,2015,2,258
13120,2015,3,304
13120,2015,4,243
13120,2016,1,223
13120,2016,2,274
13120,2016,3,273
13120,2016,4,223
13120,2017,1,231
13120,2017,2,272
13120,2017,3,274
13120,2017,4,222
13120,2018,1,183
13120,2018,2,243
13120,2018,3,285
13120,2018,4,220
13120,2019,1,222
13120,2019,2,274
13120,2019,3,286
13120,2019,4,259
13121,2015,1,102
13121,2015,2,109
13121,2015,3,140
13121,2015,4,124
13121,2016,1,80
13121,2016,2,111
13121,2016,3,112
13121,2016,4,114
13121,2017,1,117
13121,2017,2,124
13121,2017,3,151
13121,2017,4,116
13121,2018,1,93
13121,2018,2,109
13121,2018,3,133
13121,2018,4,105
13121,2019,1,107
13121,2019,2,118
13121,2019,3,135
13121,2019,4,112
13122,2015,1,124
13122,2015,2,140
13122,2015,3,177
13122,2015,4,142
13122,2016,1,124
13122,2016,2,132
13122,2016,3,154
13122,2016,4,136
13122,2017,1,133
13122,2017,2,169
13122,2017,3,168
13122,2017,4,130
13122,2018,1,123
13122,2018,2,166
13122,2018,3,214
13122,2018,4,142
13122,2019,1,148
13122,2019,2,142
13122,2019,3,167
13122,2019,4,141
13123,2015,1,173
13123,2015,2,211
13123,2015,3,241
13123,2015,4,169
13123,2016,1,176
13123,2016,2,201
13123,2016,3,207
13123,2016,4,170
13123,2017,1,195
13123,2017,2,217
13123,2017,3,233
13123,2017,4,189
13123,2018,1,195
13123,2018,2,211
13123,2018,3,230
13123,2018,4,157
13123,2019,1,189
13123,2019,2,169
13123,2019,3,227
13123,2019,4,207
13124,2015,1,74
13124,2015,2,111
13124,2015,3,116
13124,2015,4,107
13124,2016,1,96
13124,2016,2,108
13124,2016,3,165
13124,2016,4,98
13124,2017,1,98
13124,2017,2,126
13124,2017,3,158
13124,2017,4,112
13124,2018,1,107
13124,2018,2,123
13124,2018,3,142
13124,2018,4,103
13124,2019,1,103
13124,2019,2,137
13124,2019,3,160
13124,2019,4,126
13125,2015,1,59
13125,2015,2,54
13125,2015,3,53
13125,2015,4,66
13125,2016,1,62
13125,2016,2,69
13125,2016,3,72
13125,2016,4,58
13125,2017,1,52
13125,2017,2,59
13125,2017,3,70
13125,2017,4,59
13125,2018,1,52
13125,2018,2,55
13125,2018,3,81
13125,2018,4,60
13125,2019,1,54
13125,2019,2,74
13125,2019,3,77
13125,2019,4,68
13126,2015,1,118
13126,2015,2,137
13126,2015,3,136
13126,2015,4,105
13126,2016,1,97
13126,2016,2,128
13126,2016,3,142
13126,2016,4,85
13126,2017,1,118
13126,2017,2,134
13126,2017,3,142
13126,2017,4,101
13126,2018,1,89
13126,2018,2,130
13126,2018,3,150
13126,2018,4,110
13126,2019,1,111
13126,2019,2,129
13126,2019,3,135
13126,2019,4,126
13127,2015,1,110
13127,2015,2,135
13127,2015,3,176
13127,2015,4,140
13127,2016,1,124
13127,2016,2,149
13127,2016,3,170
13127,2016,4,134
13127,2017,1,118
13127,2017,2,148
13127,2017,3,200
13127,2017,4,125
13127,2018,1,122
13127,2018,2,167
13127,2018,3,181
13127,2018,4,144
13127,2019,1,137
13127,2019,2,132
13127,2019,3,187
13127,2019,4,123
13128,2015,1,57
13128,2015,2,84
13128,2015,3,106
13128,2015,4,59
13128,2016,1,61
13128,2016,2,84
13128,2016,3,111
13128,2016,4,85
13128,2017,1,83
13128,2017,2,110
13128,2017,3,84
13128,2017,4,77
13128,2018,1,69
13128,2018,2,111
13128,2018,3,100
13128,2018,4,87
13128,2019,1,68
13128,2019,2,93
13128,2019,3,110
13128,2019,4,69
13129,2015,1,103
13129,2015,2,94
13129,2015,3,117
13129,2015,4,100
13129,2016,1,93
13129,2016,2,106
13129,2016,3,120
13129,2016,4,99
13129,2017,1,81
13129,2017,2,106
13129,2017,3,122
13129,2017,4,91
13129,2018,1,90
13129,2018,2,105
13129,2018,3,132
13129,2018,4,79
13129,2019,1,97
13129,2019,2,128
13129,2019,3,120
13129,2019,4,72
13130,2015,1,136
13130,2015,2,125
13130,2015,3,144
13130,2015,4,126
13130,2016,1,91
13130,2016,2,149
13130,2016,3,155
13130,2016,4,103
13130,2017,1,142
13130,2017,2,169
13130,2017,3,172
13130,2017,4,116
13130,2018,1,107
13130,2018,2,114
13130,2018,3,152
13130,2018,4,106
13130,2019,1,129
13130,2019,2,156
13130,2019,3,169
13130,2019,4,137
13131,2015,1,67
13131,2015,2,73
13131,2015,3,88
13131,2015,4,72
13131,2016,1,73
13131,2016,2,91
13131,2016,3,79
13131,2016,4,83
13131,2017,1,66
13131,2017,2,92
13131,2017,3,114
13131,2017,4,58
13131,2018,1,63
13131,2018,2,94
13131,2018,3,96
13131,2018,4,88
13131,2019,1,65
13131,2019,2,97
13131,2019,3,94
13131,2019,4,86
13132,2015,1,80
13132,2015,2,85
13132,2015,3,81
13132,2015,4,77
13132,2016,1,75
13132,2016,2,82
13132,2016,3,79
13132,2016,4,88
13132,2017,1,79
13132,2017,2,117
13132,2017,3,108
13132,2017,4,89
13132,2018,1,73
13132,2018,2,118
13132,2018,3,90
13132,2018,4,90
13132,2019,1,77
13132,2019,2,98
13132,2019,3,100
13132,2019,4,83
13201,2015,1,209
13201,2015,2,267
13201,2015,3,329
13201,2015,4,277
13201,2016,1,233
13201,2016,2,264
13201,2016,3,335
13201,2016,4,259
13201,2017,1,219
13201,2017,2,345
13201,2017,3,335
13201,2017,4,294
13201,2018,1,250
13201,2018,2,289
13201,2018,3,302
13201,2018,4,257
13201,2019,1,258
13201,2019,2,332
13201,2019,3,341
13201,2019,4,269
13202,2015,1,11
13202,2015,2,17
13202,2015,3,15
13202,2015,4,10
13202,2016,1,13
13202,2016,2,22
13202,2016,3,15
13202,2016,4,9
13202,2017,1,11
13202,2017,2,25
13202,2017,3,21
13202,2017,4,17
13202,2018,1,11
13202,2018,2,22
13202,2018,3,18
13202,2018,4,12
13202,2019,1,16
13202,2019,2,18
13202,2019,3,28
13202,2019,4,13
13203,2015,1,10
13203,2015,2,21
13203,2015,3,14
13203,2015,4,17
13203,2016,1,14
13203,2016,2,17
13203,2016,3,8
13203,2016,4,13
13203,2017,1,7
13203,2017,2,17
13203,2017,3,14
13203,2017,4,11
13203,2018,1,15
13203,2018,2,11
13203,2018,3,18
13203,2018,4,12
13203,2019,1,9
13203,2019,2,15
13203,2019,3,13
13203,2019,4,22
13301,2015,1,31
13301,2015,2,54
13301,2015,3,49
13301,2015,4,37
13301,2016,1,35
13301,2016,2,54
13301,2016,3,52
13301,2016,4,40
13301,2017,1,35
13301,2017,2,49
13301,2017,3,74
13301,2017,4,52
13301,2018,1,34
13301,2018,2,49
13301,2018,3,66
13301,2018,4,50
13301,2019,1,34
13301,2019,2,55
13301,2019,3,71
13301,2019,4,52
13302,2015,1,22
13302,2015,2,30
13302,2015,3,37
13302,2015,4,25
13302,2016,1,47
13302,2016,2,39
13302,2016,3,48
13302,2016,4,36
13302,2017,1,42
13302,2017,2,36
13302,2017,3,40
13302,2017,4,31
13302,2018,1,27
13302,2018,2,43
13302,2018,3,39
13302,2018,4,32
13302,2019,1,45
13302,2019,2,50
13302,2019,3,60
13302,2019,4,36
13303,2015,1,6
13303,2015,2,11
13303,2015,3,22
13303,2015,4,12
13303,2016,1,9
13303,2016,2,11
13303,2016,3,12
13303,2016,4,14
13303,2017,1,10
13303,2017,2,14
13303,2017,3,12
13303,2017,4,13
13303,2018,1,5
13303,2018,2,10
13303,2018,3,16
13303,2018,4,13
13303,2019,1,2
13303,2019,2,12
13303,2019,3,17
13303,2019,4,13
13401,2015,1,153
13401,2015,2,180
13401,2015,3,195
13401,2015,4,156
13401,2016,1,166
13401,2016,2,179
13401,2016,3,219
13401,2016,4,161
13401,2017,1,151
13401,2017,2,193
13401,2017,3,238
13401,2017,4,157
13401,2018,1,145
13401,2018,2,223
13401,2018,3,223
13401,2018,4,159
13401,2019,1,157
13401,2019,2,212
13401,2019,3,195
13401,2019,4,174
13402,2015,1,45
13402,2015,2,64
13402,2015,3,63
13402,2015,4,47
13402,2016,1,51
13402,2016,2,53
13402,2016,3,55
13402,2016,4,49
13402,2017,1,58
13402,2017,2,76
13402,2017,3,72
13402,2017,4,63
13402,2018,1,49
13402,2018,2,65
13402,2018,3,58
13402,2018,4,64
13402,2019,1,45
13402,2019,2,53
13402,2019,3,83
13402,2019,4,59
13403,2015,1,11
13403,2015,2,11
13403,2015,3,18
13403,2015,4,16
13403,2016,1,10
13403,2016,2,16
13403,2016,3,17
13403,2016,4,12
13403,2017,1,10
13403,2017,2,22
13403,2017,3,19
13403,2017,4,9
13403,2018,1,16
13403,2018,2,20
13403,2018,3,16
13403,2018,4,11
13403,2019,1,17
13403,2019,2,20
13403,2019,3,12
13403,2019,4,21
13404,2015,1,34
13404,2015,2,39
13404,2015,3,45
13404,2015,4,38
13404,2016,1,36
13404,2016,2,41
13404,2016,3,48
13404,2016,4,38
13404,2017,1,22
13404,2017,2,45
13404,2017,3,54
13404,2017,4,37
13404,2018,1,25
13404,2018,2,47
13404,2018,3,42
13404,2018,4,46
13404,2019,1,33
13404,2019,2,42
13404,2019,3,43
13404,2019,4,36
13501,2015,1,84
13501,2015,2,84
13501,2015,3,132
13501,2015,4,71
13501,2016,1,79
13501,2016,2,115
13501,2016,3,122
13501,2016,4,83
13501,2017,1,84
13501,2017,2,112
13501,2017,3,134
13501,2017,4,126
13501,2018,1,87
13501,2018,2,106
13501,2018,3,121
13501,2018,4,85
13501,2019,1,84
13501,2019,2,126
13501,2019,3,117
13501,2019,4,93
13502,2015,1,6
13502,2015,2,5
13502,2015,3,3
13502,2015,4,4
13502,2016,1,4
13502,2016,2,4
13502,2016,3,5
13502,2016,4,5
13502,2017,1,4
13502,2017,2,6
13502,2017,3,4
13502,2017,4,3
13502,2018,1,1
13502,2018,2,8
13502,2018,3,8
13502,2018,4,3
13502,2019,1,2
13502,2019,2,8
13502,2019,3,4
13502,2019,4,10
13503,2015,1,15
13503,2015,2,28
13503,2015,3,21
13503,2015,4,28
13503,2016,1,17
13503,2016,2,19
13503,2016,3,26
13503,2016,4,32
13503,2017,1,25
13503,2017,2,29
13503,2017,3,29
13503,2017,4,23
13503,2018,1,21
13503,2018,2,22
13503,2018,3,28
13503,2018,4,17
13503,2019,1,17
13503,2019,2,34
13503,2019,3,21
13503,2019,4,32
13504,2015,1,12
13504,2015,2,7
13504,2015,3,16
13504,2015,4,9
13504,2016,1,4
13504,2016,2,7
13504,2016,3,15
13504,2016,4,6
13504,2017,1,6
13504,2017,2,9
13504,2017,3,10
13504,2017,4,18
13504,2018,1,10
13504,2018,2,9
13504,2018,3,14
13504,2018,4,11
13504,2019,1,6
13504,2019,2,11
13504,2019,3,12
13504,2019,4,15
13505,2015,1,10
13505,2015,2,9
13505,2015,3,11
13505,2015,4,5
13505,2016,1,6
13505,2016,2,6
13505,2016,3,12
13505,2016,4,6
13505,2017,1,7
13505,2017,2,5
13505,2017,3,10
13505,2017,4,7
13505,2018,1,6
13505,2018,2,11
13505,2018,3,6
13505,2018,4,5
13505,2019,1,7
13505,2019,2,9
13505,2019,3,12
13505,2019,4,8
13601,2015,1,51
13601,2015,2,41
13601,2015,3,53
13601,2015,4,57
13601,2016,1,40
13601,2016,2,57
13601,2016,3,44
13601,2016,4,38
13601,2017,1,52
13601,2017,2,55
13601,2017,3,59
13601,2017,4,39
13601,2018,1,40
13601,2018,2,47
13601,2018,3,54
13601,2018,4,52
13601,2019,1,50
13601,2019,2,58
13601,2019,3,54
13601,2019,4,53
13602,2015,1,22
13602,2015,2,23
13602,2015,3,27
13602,2015,4,20
13602,2016,1,20
13602,2016,2,24
13602,2016,3,26
13602,2016,4,22
13602,2017,1,27
13602,2017,2,24
13602,2017,3,21
13602,2017,4,21
13602,2018,1,18
13602,2018,2,36
13602,2018,3,25
13602,2018,4,22
13602,2019,1,13
13602,2019,2,29
13602,2019,3,33
13602,2019,4,19
13603,2015,1,20
13603,2015,2,28
13603,2015,3,18
13603,2015,4,19
13603,2016,1,16
13603,2016,2,23
13603,2016,3,33
13603,2016,4,22
13603,2017,1,18
13603,2017,2,31
13603,2017,3,24
13603,2017,4,19
13603,2018,1,21
13603,2018,2,19
13603,2018,3,23
13603,2018,4,20
13603,2019,1,19
13603,2019,2,31
13603,2019,3,25
13603,2019,4,24
13604,2015,1,18
13604,2015,2,45
13604,2015,3,46
13604,2015,4,31
13604,2016,1,38
13604,2016,2,36
13604,2016,3,49
13604,2016,4,29
13604,2017,1,19
13604,2017,2,32
13604,2017,3,48
13604,2017,4,20
13604,2018,1,37
13604,2018,2,38
13604,2018,3,43
13604,2018,4,32
13604,2019,1,36
13604,2019,2,37
13604,2019,3,51
13604,2019,4,40
13605,2015,1,52
13605,2015,2,64
13605,2015,3,63
13605,2015,4,62
13605,2016,1,60
13605,2016,2,58
13605,2016,3,71
13605,2016,4,53
13605,2017,1,53
13605,2017,2,78
13605,2017,3,78
13605,2017,4,58
13605,2018,1,49
13605,2018,2,59
13605,2018,3,69
13605,2018,4,53
13605,2019,1,57
13605,2019,2,75
13605,2019,3,83
13605,2019,4,75
14101,2015,1,96
14101,2015,2,137
14101,2015,3,135
14101,2015,4,138
14101,2016,1,114
14101,2016,2,133
14101,2016,3,164
14101,2016,4,115
14101,2017,1,100
14101,2017,2,161
14101,2017,3,164
14101,2017,4,124
14101,2018,1,100
14101,2018,2,137
14101,2018,3,179
14101,2018,4,132
14101,2019,1,122
14101,2019,2,127
14101,2019,3,161
14101,2019,4,112
14102,2015,1,7
14102,2015,2,8
14102,2015,3,6
14102,2015,4,10
14102,2016,1,7
14102,2016,2,3
14102,2016,3,7
14102,2016,4,5
14102,2017,1,4
14102,2017,2,3
14102,2017,3,4
14102,2017,4,8
14102,2018,1,3
14102,2018,2,2
14102,2018,3,7
14102,2018,4,5
14102,2019,1,5
14102,2019,2,6
14102,2019,3,7
14102,2019,4,2
14103,2015,1,11
14103,2015,2,15
14103,2015,3,21
14103,2015,4,18
14103,2016,1,15
14103,2016,2,20
14103,2016,3,19
14103,2016,4,21
14103,2017,1,11
14103,2017,2,13
14103,2017,3,13
14103,2017,4,13
14103,2018,1,16
14103,2018,2,14
14103,2018,3,21
14103,2018,4,19
14103,2019,1,25
14103,2019,2,18
14103,2019,3,24
14103,2019,4,18
14104,2015,1,11
14104,2015,2,14
14104,2015,3,21
14104,2015,4,8
14104,2016,1,12
14104,2016,2,22
14104,2016,3,19
14104,2016,4,20
14104,2017,1,13
14104,2017,2,16
14104,2017,3,16
14104,2017,4,20
14104,2018,1,14
14104,2018,2,15
14104,2018,3,20
14104,2018,4,17
14104,2019,1,14
14104,2019,2,14
14104,2019,3,17
14104,2019,4,19
14105,2015,1,9
14105,2015,2,2
14105,2015,3,11
14105,2015,4,5
14105,2016,1,6
14105,2016,2,6
14105,2016,3,9
14105,2016,4,7
14105,2017,1,7
14105,2017,2,3
14105,2017,3,7
14105,2017,4,3
14105,2018,1,6
14105,2018,2,10
14105,2018,3,12
14105,2018,4,8
14105,2019,1,6
14105,2019,2,9
14105,2019,3,12
14105,2019,4,4
14106,2015,1,16
14106,2015,2,20
14106,2015,3,20
14106,2015,4,12
14106,2016,1,17
14106,2016,2,13
14106,2016,3,25
14106,2016,4,24
14106,2017,1,14
14106,2017,2,16
14106,2017,3,20
14106,2017,4,18
14106,2018,1,17
14106,2018,2,18
14106,2018,3,24
14106,2018,4,21
14106,2019,1,11
14106,2019,2,19
14106,2019,3,19
14106,2019,4,18
14107,2015,1,19
14107,2015,2,19
14107,2015,3,27
14107,2015,4,21
14107,2016,1,19
14107,2016,2,42
14107,2016,3,23
14107,2016,4,17
14107,2017,1,18
14107,2017,2,23
14107,2017,3,21
14107,2017,4,21
14107,2018,1,18
14107,2018,2,20
14107,2018,3,27
14107,2018,4,23
14107,2019,1,19
14107,2019,2,26
14107,2019,3,27
14107,2019,4,13
14108,2015,1,28
14108,2015,2,36
14108,2015,3,37
14108,2015,4,25
14108,2016,1,25
14108,2016,2,22
14108,2016,3,31
14108,2016,4,31
14108,2017,1,26
14108,2017,2,31
14108,2017,3,32
14108,2017,4,35
14108,2018,1,32
14108,2018,2,32
14108,2018,3,37
14108,2018,4,30
14108,2019,1,30
14108,2019,2,29
14108,2019,3,32
14108,2019,4,35
14201,2015,1,27
14201,2015,2,35
14201,2015,3,41
14201,2015,4,28
14201,2016,1,40
14201,2016,2,28
14201,2016,3,42
14201,2016,4,31
14201,2017,1,37
14201,2017,2,37
14201,2017,3,55
14201,2017,4,39
14201,2018,1,45
14201,2018,2,36
14201,2018,3,48
14201,2018,4,35
14201,2019,1,34
14201,2019,2,34
14201,2019,3,44
14201,2019,4,37
14202,2015,1,14
14202,2015,2,7
14202,2015,3,9
14202,2015,4,4
14202,2016,1,11
14202,2016,2,15
14202,2016,3,15
14202,2016,4,12
14202,2017,1,11
14202,2017,2,8
14202,2017,3,14
14202,2017,4,13
14202,2018,1,13
14202,2018,2,10
14202,2018,3,11
14202,2018,4,17
14202,2019,1,16
14202,2019,2,13
14202,2019,3,10
14202,2019,4,11
14203,2015,1,8
14203,2015,2,9
14203,2015,3,13
14203,2015,4,9
14203,2016,1,11
14203,2016,2,8
14203,2016,3,12
14203,2016,4,8
14203,2017,1,14
14203,2017,2,15
14203,2017,3,11
14203,2017,4,5
14203,2018,1,4
14203,2018,2,14
14203,2018,3,13
14203,2018,4,10
14203,2019,1,8
14203,2019,2,11
14203,2019,3,4
14203,2019,4,9
14204,2015,1,24
14204,2015,2,28
14204,2015,3,33
14204,2015,4,33
14204,2016,1,19
14204,2016,2,36
14204,2016,3,41
14204,2016,4,36
14204,2017,1,38
14204,2017,2,34
14204,2017,3,39
14204,2017,4,35
14204,2018,1,24
14204,2018,2,31
14204,2018,3,36
14204,2018,4,36
14204,2019,1,35
14204,2019,2,31
14204,2019,3,47
14204,2019,4,30
15101,2015,1,127
15101,2015,2,147
15101,2015,3,159
15101,2015,4,139
15101,2016,1,138
15101,2016,2,132
15101,2016,3,153
15101,2016,4,145
15101,2017,1,183
15101,2017,2,135
15101,2017,3,184
15101,2017,4,160
15101,2018,1,174
15101,2018,2,146
15101,2018,3,165
15101,2018,4,160
15101,2019,1,148
15101,2019,2,170
15101,2019,3,165
15101,2019,4,159
15102,2015,2,1
15102,2016,3,1
15102,2017,1,2
15102,2017,2,1
15102,2018,1,1
15201,2015,2,3
15201,2016,1,2
15201,2017,3,1
15201,2017,4,1
15201,2018,1,1
15201,2018,3,1
15201,2018,4,1
15201,2019,1,1
15201,2019,2,1
15201,2019,3,1
15202,2016,4,1
15202,2017,1,1
15202,2017,2,1
16101,2015,1,132
16101,2015,2,163
16101,2015,3,163
16101,2015,4,168
16101,2016,1,129
16101,2016,2,163
16101,2016,3,176
16101,2016,4,130
16101,2017,1,133
16101,2017,2,162
16101,2017,3,175
16101,2017,4,128
16101,2018,1,113
16101,2018,2,186
16101,2018,3,199
16101,2018,4,145
16101,2019,1,119
16101,2019,2,177
16101,2019,3,172
16101,2019,4,148
16102,2015,1,20
16102,2015,2,16
16102,2015,3,23
16102,2015,4,25
16102,2016,1,18
16102,2016,2,20
16102,2016,3,16
16102,2016,4,31
16102,2017,1,15
16102,2017,2,28
16102,2017,3,16
16102,2017,4,18
16102,2018,1,18
16102,2018,2,27
16102,2018,3,28
16102,2018,4,23
16102,2019,1,13
16102,2019,2,14
16102,2019,3,22
16102,2019,4,20
16103,2015,1,16
16103,2015,2,19
16103,2015,3,12
16103,2015,4,7
16103,2016,1,27
16103,2016,2,22
16103,2016,3,20
16103,2016,4,14
16103,2017,1,18
16103,2017,2,13
16103,2017,3,12
16103,2017,4,15
16103,2018,1,12
16103,2018,2,22
16103,2018,3,30
16103,2018,4,23
16103,2019,1,13
16103,2019,2,11
16103,2019,3,21
16103,2019,4,23
16104,2015,1,6
16104,2015,2,12
16104,2015,3,21
16104,2015,4,17
16104,2016,1,12
16104,2016,2,16
16104,2016,3,9
16104,2016,4,12
16104,2017,1,8
16104,2017,2,17
16104,2017,3,11
16104,2017,4,11
16104,2018,1,15
16104,2018,2,15
16104,2018,3,15
16104,2018,4,10
16104,2019,1,7
16104,2019,2,23
16104,2019,3,14
16104,2019,4,15
16105,2015,1,5
16105,2015,2,5
16105,2015,3,7
16105,2015,4,5
16105,2016,1,7
16105,2016,2,6
16105,2016,3,9
16105,2016,4,8
16105,2017,1,10
16105,2017,2,11
16105,2017,3,3
16105,2017,4,5
16105,2018,1,7
16105,2018,2,7
16105,2018,3,12
16105,2018,4,10
16105,2019,1,8
16105,2019,2,11
16105,2019,3,16
16105,2019,4,10
16106,2015,1,11
16106,2015,2,9
16106,2015,3,10
16106,2015,4,14
16106,2016,1,6
16106,2016,2,10
16106,2016,3,14
16106,2016,4,10
16106,2017,1,9
16106,2017,2,14
16106,2017,3,9
16106,2017,4,6
16106,2018,1,8
16106,2018,2,8
16106,2018,3,12
16106,2018,4,13
16106,2019,1,9
16106,2019,2,10
16106,2019,3,12
16106,2019,4,8
16107,2015,1,10
16107,2015,2,16
16107,2015,3,19
16107,2015,4,18
16107,2016,1,15
16107,2016,2,16
16107,2016,3,22
16107,2016,4,19
16107,2017,1,10
16107,2017,2,26
16107,2017,3,13
16107,2017,4,12
16107,2018,1,13
16107,2018,2,12
16107,2018,3,26
16107,2018,4,20
16107,2019,1,18
16107,2019,2,20
16107,2019,3,16
16107,2019,4,13
16108,2015,1,14
16108,2015,2,16
16108,2015,3,14
16108,2015,4,15
16108,2016,1,14
16108,2016,2,11
16108,2016,3,11
16108,2016,4,12
16108,2017,1,15
16108,2017,2,17
16108,2017,3,21
16108,2017,4,14
16108,2018,1,15
16108,2018,2,13
16108,2018,3,18
16108,2018,4,23
16108,2019,1,15
16108,2019,2,19
16108,2019,3,18
16108,2019,4,22
16109,2015,1,14
16109,2015,2,14
16109,2015,3,22
16109,2015,4,14
16109,2016,1,15
16109,2016,2,14
16109,2016,3,11
16109,2016,4,9
16109,2017,1,20
16109,2017,2,26
16109,2017,3,23
16109,2017,4,21
16109,2018,1,24
16109,2018,2,22
16109,2018,3,22
16109,2018,4,19
16109,2019,1,21
16109,2019,2,12
16109,2019,3,26
16109,2019,4,20
16201,2015,1,12
16201,2015,2,12
16201,2015,3,12
16201,2015,4,9
16201,2016,1,8
16201,2016,2,15
16201,2016,3,13
16201,2016,4,6
16201,2017,1,13
16201,2017,2,14
16201,2017,3,24
16201,2017,4,8
16201,2018,1,12
16201,2018,2,17
16201,2018,3,15
16201,2018,4,19
16201,2019,1,9
16201,2019,2,20
16201,2019,3,21
16201,2019,4,21
16202,2015,1,5
16202,2015,2,6
16202,2015,3,11
16202,2015,4,4
16202,2016,1,9
16202,2016,2,5
16202,2016,3,11
16202,2016,4,5
16202,2017,1,5
16202,2017,2,3
16202,2017,3,12
16202,2017,4,4
16202,2018,1,5
16202,2018,2,3
16202,2018,3,4
16202,2018,4,5
16202,2019,1,5
16202,2019,2,2
16202,2019,3,10
16202,2019,4,6
16203,2015,1,5
16203,2015,2,16
16203,2015,3,22
16203,2015,4,25
16203,2016,1,14
16203,2016,2,13
16203,2016,3,15
16203,2016,4,14
16203,2017,1,8
16203,2017,2,18
16203,2017,3,14
16203,2017,4,13
16203,2018,1,20
16203,2018,2,10
16203,2018,3,14
16203,2018,4,18
16203,2019,1,16
16203,2019,2,18
16203,2019,3,18
16203,2019,4,11
16204,2015,1,4
16204,2015,2,3
16204,2015,3,5
16204,2015,4,2
16204,2016,1,4
16204,2016,2,5
16204,2016,3,4
16204,2016,4,10
16204,2017,1,5
16204,2017,2,9
16204,2017,3,11
16204,2017,4,3
16204,2018,1,5
16204,2018,2,9
16204,2018,3,8
16204,2018,4,6
16204,2019,1,6
16204,2019,2,6
16204,2019,3,2
16204,2019,4,9
16205,2015,1,9
16205,2015,2,3
16205,2015,3,5
16205,2015,4,5
16205,2016,1,3
16205,2016,2,11
16205,2016,3,7
16205,2016,4,9
16205,2017,1,7
16205,2017,2,4
16205,2017,3,5
16205,2018,1,3
16205,2018,2,4
16205,2018,3,5
16205,2018,4,8
16205,2019,1,4
16205,2019,2,5
16205,2019,3,7
16205,2019,4,5
16206,2015,1,8
16206,2015,2,4
16206,2015,3,8
16206,2015,4,4
16206,2016,1,4
16206,2016,2,5
16206,2016,3,9
16206,2016,4,13
16206,2017,1,6
16206,2017,2,15
16206,2017,3,5
16206,2017,4,10
16206,2018,1,9
16206,2018,2,6
16206,2018,3,10
16206,2018,4,6
16206,2019,1,7
16206,2019,2,7
16206,2019,3,12
16206,2019,4,9
16207,2015,1,4
16207,2015,2,4
16207,2015,3,6
16207,2015,4,5
16207,2016,1,6
16207,2016,2,5
16207,2016,3,2
16207,2016,4,3
16207,2017,1,5
16207,2017,2,5
16207,2017,3,7
16207,2017,4,3
16207,2018,1,4
16207,2018,2,3
16207,2018,3,7
16207,2018,4,6
16207,2019,1,4
16207,2019,2,3
16207,2019,3,4
16207,2019,4,8
16301,2015,1,43
16301,2015,2,52
16301,2015,3,51
16301,2015,4,61
16301,2016,1,42
16301,2016,2,34
16301,2016,3,46
16301,2016,4,55
16301,2017,1,51
16301,2017,2,62
16301,2017,3,59
16301,2017,4,61
16301,2018,1,59
16301,2018,2,62
16301,2018,3,60
16301,2018,4,55
16301,2019,1,51
16301,2019,2,51
16301,2019,3,63
16301,2019,4,52
16302,2015,1,14
16302,2015,2,14
16302,2015,3,21
16302,2015,4,18
16302,2016,1,22
16302,2016,2,24
16302,2016,3,28
16302,2016,4,17
16302,2017,1,17
16302,2017,2,27
16302,2017,3,21
16302,2017,4,15
16302,2018,1,21
16302,2018,2,13
16302,2018,3,27
16302,2018,4,26
16302,2019,1,17
16302,2019,2,23
16302,2019,3,34
16302,2019,4,21
16303,2015,1,10
16303,2015,2,15
16303,2015,3,12
16303,2015,4,5
16303,2016,1,14
16303,2016,2,8
16303,2016,3,18
16303,2016,4,14
16303,2017,1,9
16303,2017,2,14
16303,2017,3,14
16303,2017,4,11
16303,2018,1,7
16303,2018,2,11
16303,2018,3,16
16303,2018,4,10
16303,2019,1,12
16303,2019,2,17
16303,2019,3,10
16303,2019,4,13
16304,2015,1,4
16304,2015,2,4
16304,2015,3,2
16304,2015,4,7
16304,2016,1,3
16304,2016,2,3
16304,2016,3,7
16304,2016,4,5
16304,2017,1,5
16304,2017,2,2
16304,2017,3,3
16304,2017,4,3
16304,2018,1,4
16304,2018,2,4
16304,2018,3,5
16304,2018,4,8
16304,2019,1,6
16304,2019,2,6
16304,2019,3,6
16304,2019,4,4
16305,2015,1,9
16305,2015,2,9
16305,2015,3,11
16305,2015,4,12
16305,2016,1,11
16305,2016,2,10
16305,2016,3,10
16305,2016,4,12
16305,2017,1,8
16305,2017,2,5
16305,2017,3,6
16305,2017,4,10
16305,2018,1,7
16305,2018,2,5
16305,2018,3,10
16305,2018,4,6
16305,2019,1,9
16305,2019,2,9
16305,2019,3,10
16305,2019,4,20
99999,2018,3,2
99999,2018,4,1
