"codigo_comuna","income_mean","perc_occupancy","perc_less_highschool","perc_FFAA","perc_fonasa_A","perc_fonasa_B","perc_fonasa_C","perc_fonasa_D","perc_isapre","perc_woodCooking","perc_woodHeating","perc_woodWarmWater"
"01101",5669.74523272071,57.3771306465239,30.9343182271911,4.68132721335434,15.1526569386404,22.435546116782,11.4743897147816,8.7238245301546,14.7467516156288,0.681204936524085,1.72402353253417,0.85924713584288
"01107",3502.96447625551,55.0503762982011,43.5965641451926,1.53822057720367,35.9008812206844,18.7727209028184,13.0048059088773,12.741841083514,7.30366254770874,0.661568389632278,0.412692662103945,0.770254625071867
"01401",4698.27106913068,53.8547130821809,46.120864476505,3.20280537697253,29.3395675043834,22.8579777907656,8.69666861484512,8.95967270601987,14.3775569842198,2.06269192884872,0,0.556231531374935
"01402",3967.47544298921,75.3048780487805,59.4951923076923,3.5667107001321,59.9735799207398,7.66182298546896,5.01981505944518,6.73712021136063,0,1.08173076923077,5.40865384615385,1.32211538461538
"01404",4485.37994055781,56.4329738058552,54.5298165137615,0,51.0872716729487,16.1206146709191,8.75616120614671,7.65439257755871,2.6674398376341,14.1628440366972,2.52293577981651,3.35435779816514
"01405",5608.71654672003,55.9850821200602,34.3682220982834,1.33275745048436,28.3889677299932,31.3444807799099,9.22440920589869,4.68316159684087,3.72061454926883,1.1371278351776,3.75985816470013,3.75985816470013
"02101",6607.2415823697,52.4646824042224,30.9508390365715,1.71404325270596,13.5613031318717,20.4897952648321,13.4876497085886,14.8633141905596,25.2124207425119,0.64317312506775,0.78796450675435,0.861263530638476
"02102",4587.87723845531,59.2229976044162,34.2651962041549,0,17.6533238661578,8.64471465341262,26.0672761160912,16.7125232981273,15.3723262625366,0.679290141801817,2.41148000339645,0
"02103",4976.88435407046,64.6803227808814,39.7527341892534,0,6.61116552399608,25.0734573947111,44.2703232125367,5.82761998041136,10.6758080313418,0,1.52163575844032,0
"02104",4517.40289383301,50.7105568445476,48.2947416448044,3.01708898055392,20.4007071302298,11.9740718915734,18.0082498526812,23.4413671184443,6.15203299941073,1.76356809648424,0,0
"02201",6953.46257904632,56.1308022088531,33.1785976056682,0.521820290182991,12.5215657437,15.5676386571259,19.6863421670391,25.3231326187177,19.4664422886557,0.663406862071807,1.22860753234624,0.342004779825839
"02203",5757.74141736127,64.2660320641283,41.6955927211528,0.934880722114765,19.5572748764238,20.3954437996991,35.3857726198152,9.40253599828068,4.62067483344079,0,1.16756074471442,0
"02301",4486.85944748246,48.5288522511097,36.9378041606503,0,41.6486640136441,18.5275724843661,10.7333712336555,8.69812393405344,14.84366117112,1.57346374654476,0,0.818626408675314
"02302",5088.00007412466,56.0224089635854,35.902004454343,0.269299820466786,11.3554757630162,12.0736086175943,22.6211849192101,14.2280071813285,36.5798922800718,0,0,0
"03101",5494.07645923498,51.0107694866955,36.7276243565314,0.699326060019946,18.9283447671432,24.348877270392,13.417752123062,16.7330532805464,15.591284112545,0.575746264436074,2.0903322135125,0.686597215152646
"03102",4221.81657733073,51.2578888216478,40.12549760475,0.810810810810811,28.2432432432432,30.597439544808,10.4765291607397,13.2574679943101,4.41678520625889,0,1.35922330097087,0
"03103",4405.59781351387,54.3491301739652,48.5252140818268,0.187067913786092,30.093533956893,25.2297681984547,11.5819438796259,14.9898332655551,5.92923952826352,0,5.37583254043768,1.80780209324453
"03201",3989.67432685917,46.1493582263711,40.6802237811917,4.45805032048216,20.74045728499,31.3211518224433,11.0972926432603,14.6465129627858,4.52501674160528,0,0,0
"03202",5687.12409256731,52.5004153513873,41.0570100318082,0.327696945864465,23.9218770481059,16.2275527592083,14.0254292829991,24.354437016647,13.9598898938262,0.21975338786473,5.17641313636919,0.354047124893175
"03301",4858.35779561657,50.7104204647394,39.067684525605,0.369247322345576,26.7203012666895,27.5394923460654,13.1364014280824,15.283415659999,9.77404998288257,0.834453664642344,9.53363311853878,2.04441147837374
"03302",3743.23219809095,44.8728465955701,67.8354686446392,0,23.8579828132067,44.0976933514247,12.3699683401176,4.90728177295341,0,2.27017307260058,22.2521915037087,6.54079568442347
"03303",3337.2800855319,44.9977158519872,50.3763346753019,0,33.6966231909952,32.2494193317849,15.829908879757,11.0773628729677,2.25120600321601,5.75614861329147,2.42455956741671,2.63387406244549
"03304",4105.51211378489,45.0771869639794,42.412656558998,0,30.8851224105461,19.424266881894,13.0885122410546,12.8060263653484,13.8821630347054,0,32.4683791889425,0
"04101",5465.14791877488,43.7227183322289,35.7832374397454,1.17484976291701,26.5313194661618,30.4079010759595,15.7484807248569,12.206604515142,7.87614209765622,0,3.99253296968286,0.425321381650064
"04102",3343.61171266747,46.0901818879468,38.6255855347504,0.163407662003707,31.8953177582327,32.03001296283,15.1023303537121,12.2323513391406,3.29813242354253,0.286049703202765,1.25787463417054,0.0876337241025811
"04103",3051.35522862903,40.9428423415645,53.3406203033201,0,18.4451427790682,34.0210411258369,15.5485722093182,9.2635605957098,8.63505943434896,0.355239786856128,2.67796147014619,0
"04104",2696.58128434506,52.3076923076923,57.8947368421053,0,56.5312843029638,19.0175631174533,9.02854006586169,3.23819978046103,1.5642151481888,0,2.43120491584291,0
"04105",3101.06740860157,38.7631578947368,48.3366380259969,0,35.3033707865169,54.2921348314607,0,4.40449438202247,2,7.05001101564221,11.8528310200485,8.81251376955277
"04106",3231.01648213445,44.0076416896625,50.6967913423201,0,29.7678210902314,42.3590619661438,8.73194595434074,6.49169125640628,2.55086193508309,0.767040060755648,3.08334915511676,1.01765711030947
"04201",3559.79441275031,45.4995424673488,45.7270217224976,0.866320138611222,31.7839530854325,32.6136212181794,15.8369985339198,7.93349326935892,1.52938824470212,6.38855701579716,9.51480153989115,3.4713925394929
"04202",3074.56398499506,45.7454993075858,66.4478183559021,0,50.2708867978329,39.592244083262,1.34017678927859,3.74964357000285,0.185343598517251,27.1371905348106,27.6569552728765,13.0898645876077
"04203",3582.89537847659,51.7160140082776,46.7124101788319,0.309866811633596,40.8698015765154,28.6219081272085,10.9431910845338,11.7205762435444,2.44088067409622,6.36702098958614,14.6819187395457,2.78422273781903
"04204",3647.07401983693,36.9642298466993,45.6977804803892,4.8444896695129,32.0178737335752,30.8056452683272,13.2991195858957,7.00791930274742,4.69406715922665,9.19515267341354,22.2603483473049,5.9114798245233
"04301",4150.28089008156,50.7742874790435,44.6970488833142,1.74013289277804,21.064049961875,40.3053629134745,14.7271340909916,13.591554409789,2.39642714498384,2.35445503234333,6.07219865062252,0.769458162342631
"04302",3144.48562211354,41.0343270099368,54.09954099541,1.0548331363099,46.3671910521051,27.089206147131,8.02946258070383,4.17386559970901,1.59134309357097,4.5990459904599,17.5051750517505,5.82305823058231
"04303",2835.49081422582,50.2456852791878,56.0992549564339,0.270793036750484,48.0012894906512,25.7253384912959,9.83558994197292,11.4539007092199,1.2862669245648,3.78045717156493,5.04584275307712,1.25910575232354
"04304",2927.39034303538,43.9935283807469,61.8437530103073,0.530295590690366,48.148875576942,35.5101639988216,4.57625454188353,7.42413826966513,1.01148973779829,10.1572990600422,9.84078265873777,2.0141952810282
"04305",2913.07058249646,49.3444576877235,69.0954773869347,0,36.6101694915254,29.7522816166884,11.9687092568448,12.7770534550196,0,16.7587939698492,18.0904522613065,8.74371859296483
"05101",5331.31929666381,50.4915683688091,28.980176088156,4.41956178163838,17.7107498791304,35.6583635676646,13.2684361706882,13.2282140143743,10.2269910983086,0.155249136950492,10.3717598228005,0.467742901043641
"05102",4787.46788246585,60.4307993565984,33.2900675536152,0.468992711196081,19.5692436372326,25.7438164655275,14.2579758633051,12.9017803799737,7.69506512128092,0,32.7212806026365,0
"05103",6977.99795458546,55.2988200073252,37.6279674956424,5.80426634123258,16.8524214537439,27.2069536630014,9.03577699463283,16.4975156594399,17.3418178648369,0,15.464120000982,0
"05105",4054.30007580772,56.8818601964183,43.605503552498,2.34059725585149,31.0446212383258,18.2174564741151,20.759829355471,12.8386947999539,0.916637841577309,1.71396459679685,21.9668446192751,3.16942961506041
"05107",5153.88884269169,48.088881158412,39.9466127984994,8.67387292380701,21.0839516402395,33.9949531091108,12.346050996196,7.35942149071598,11.2349817332681,1.95067826335946,24.3637925480511,1.95067826335946
"05109",7766.21204576256,49.4250477389658,27.1697732852401,5.26192343494609,15.1994019042314,26.6771968658609,8.85416284916406,9.19315708076492,22.718843681514,0.781935001652988,8.81904816662115,0.72803323223757
"05301",5911.99607462913,53.8561264822134,34.5806172336525,3.08986491951792,11.642265900941,33.7337215886112,14.0486397584189,16.6100461053142,13.386718434037,0.495263801181503,32.4951619474435,0.263546547158281
"05302",3023.14005954243,49.3491921005386,42.0659097202991,0.417749721500186,18.8915707389528,50.724099517267,9.63609357593761,4.38173041217973,5.56999628666914,0,41.7982091756669,2.13237330379396
"05303",4488.84499055642,55.2790457959063,50.757755150367,1.52376345386383,28.141250453501,45.3501027935663,10.5333172088523,5.52666586044262,5.56294594267747,1.01128880526811,44.7318908748824,1.41110065851364
"05304",3367.34577161215,49.0151565734126,47.7208659113877,0.364943012744933,22.2895963168828,45.8761439559823,8.6519566559991,7.87715456740217,4.77233170512605,0.345726291154726,42.6626243284932,0.345726291154726
"05401",3690.51094274027,47.2552868177789,47.4221911375331,2.85721646828464,22.4248982325965,47.4004225279538,5.8793218941619,6.11634977070129,7.4792600608028,0.192336513963131,11.4702502872558,1.45876005395414
"05402",6489.39183036225,42.0240718765893,46.0691457098866,0,23.6264766547909,45.4856553534596,3.99399962497656,10.8053628351772,10.5850365647853,1.64699295478934,15.4154808006345,3.29865161200019
"05403",4980.75840457427,51.8136769078295,33.1742243436754,0,38.2559534007195,21.3979784135686,18.5197875621038,3.95751242076409,6.69864656501628,0,20.2693487896352,0
"05404",3465.09089940623,50.9036553879603,45.4221663523989,0.297397769516729,35.7939458311206,33.6165693043016,13.0536378120021,10.9187466808285,1.78438661710037,0,9.78420280745862,1.43515608631888
"05405",4376.81862178,50.8703481392557,38.88192529456,0,24.6815286624204,32.9087048832272,6.66135881104034,10.6953290870488,3.39702760084926,0,51.6169466031587,0
"05501",4337.59905472951,48.876724674946,34.055957218304,4.68371406353893,22.1135316060541,34.5271770367282,14.2393472552489,8.8738124485817,10.0064237656791,0.427534076008507,9.2503829074521,0.49585137681399
"05502",3420.33234661662,39.7258146808935,38.4323640960809,2.35758154278407,33.8184175927093,28.9411595194784,6.29108657673397,6.09116942528322,8.49737946436612,0.633891846655152,9.87696088032621,2.32723776286035
"05503",4015.46467838913,43.8666425077007,57.9646895457251,1.46102271590113,34.1439007305114,34.0938657059942,9.11638146702692,4.4481136795757,2.95706994896427,2.32096806189248,44.4554651854791,3.50624876016663
"05504",3947.38177215525,51.291157972623,43.5727461378833,0.858420988997703,25.5410470317978,38.1695079192359,16.8298875589409,8.65070729053319,6.0149921412163,0,24.0171673819743,0
"05506",3328.79230004843,46.9936207754603,50.9074508388959,0,31.1321111321111,29.3328293328293,12.954072954073,3.52674352674353,6.47514647514647,0,23.2171813628338,0
"05601",3534.38255553965,47.3854051158097,40.469112957203,0.990615737595147,32.1753173219895,34.5455082567723,17.2117022638425,8.58271050584424,5.56556674839739,1.9978959167019,14.5437383857552,1.23098705103877
"05602",6829.79643728999,46.0814575020703,32.6430722891566,2.32806224899598,14.8406124497992,32.4736445783133,7.34186746987952,23.7763554216867,16.6039156626506,0,29.6121987951807,4.46159638554217
"05603",4223.57019819076,48.3355422156389,40.8535178777393,3.04560153104996,46.1525770474493,38.447832112453,6.05160694251963,1.8643172969049,2.2305814030225,3.19657274674576,24.7322458395123,0.807381776239908
"05604",3968.08878048875,50.9851915310244,32.7921395544346,3.38919726729291,32.9045687446627,41.0439795046968,12.4306148590948,1.87339880444065,4.07237403928266,0,27.3907103825137,0
"05605",5136.71817516582,48.0807213396307,37.6896149358226,0.6932527970348,30.2697508408264,31.3267897590775,23.9618367767177,3.18484453291235,9.35548081543002,0,16.2674171185394,0
"05606",5495.96329509471,46.4911175507119,37.9193598030163,4.58602646968298,14.7224787113984,34.4311070072843,17.8721657946035,12.1575869498307,12.6192674669129,1.2927054478301,29.18846824664,3.30358058889915
"05701",5412.71662339693,50.3964150293002,35.8039363108303,3.27757293806142,16.5227289599367,43.7813961545124,8.53356759298211,11.1727005023385,8.0819578827547,0,24.0111865761087,0.322037797067761
"05702",2936.65373833674,42.2685059958525,46.544227886057,0,29.558453443148,45.7484938610539,9.94433005414474,6.33722260352322,0.976130557462061,0.566065842395352,50.4543423208699,1.1693728586325
"05703",4912.37283574555,49.4101494965931,50.8507576398883,0,14.9635195945651,42.5313469352091,21.2634890121893,8.60238542531347,4.6834724103281,1.78944727820052,43.8163726064052,4.11405635922736
"05704",3751.40599301639,49.6988906497623,44.5303440278315,0.574787720444154,19.2161985630307,34.4872632266492,18.1841933376878,11.4043109079033,7.57674722403658,0.714924039320822,49.9936167496489,1.78731009830206
"05705",3188.99251796986,53.1450671336836,54.5258375922771,0.919540229885057,24.4404113732607,39.2316999395039,6.81790683605566,8.21536600120992,0.919540229885057,0.609137055837563,42.2504230118443,2.97800338409475
"05706",3666.49251285621,49.1254936729266,48.1441779445263,0,26.7283950617284,44.6982167352538,10.6995884773663,7.22908093278464,0,1.65582495564755,39.1812865497076,8.83106643012025
"05801",6002.67949474582,47.0727971956574,26.849656893325,5.71321472852571,15.4205472737234,25.3262593350826,9.81171246503849,13.3998442951472,16.7192410830138,0.154809256915567,14.7289143012114,0.129949376242994
"05802",4328.55090941646,50.5565240713424,38.191233191979,2.0292520206988,17.8099473976821,30.33827994697,7.84544327075226,8.6045417611085,6.46837446007783,0.212983472482535,13.8524450502641,0.779519509286079
"05803",4485.43877853708,46.7708792015265,46.6349866349866,3.13962923662693,33.6371013045378,45.1282691467449,1.37319767804756,6.20435678172399,7.10941888770988,3.99168399168399,36.1508761508762,0.285120285120285
"05804",5549.47090497987,48.9869178692751,28.6780900938696,11.3926378353528,14.7118510491577,27.0902702525203,13.241388368962,10.7234098446787,12.9885397169409,0.939046737138646,15.6683860786321,0
"06101",4670.70050933607,49.3668495453215,33.6528480414289,0.971782518926359,16.5686756464458,33.2966276668961,12.9757152689018,11.2476649297021,18.2216104611149,0.701006613124509,17.7251776602796,0.452436373726318
"06102",3791.56426772216,54.0826128722382,56.2007874015748,0.287791578309603,10.2847621932748,43.5928506513178,24.7803695849742,13.4277491669191,3.52923356558619,1.39633179862631,74.2622084685637,1.54728658766699
"06103",3518.50660388629,51.6177451634423,49.3088782562467,1.5678723696878,24.4533076605694,50.6532801540366,11.7590427726585,7.11043872919818,3.08073167377252,5.37179147922731,72.8102672664726,2.22281026726647
"06104",3607.13179996699,50.0533542007541,47.4194627131869,0.707681771487273,16.8702202944869,54.5257390708823,7.72742837575619,12.0591256705855,3.56694441273827,7.06721658677962,82.7945602496935,2.09006799687883
"06105",4038.49784550171,46.4494382022472,45.4557979334099,2.39520958083832,10.202850113726,37.2974980272014,14.7008308963468,19.8068978322425,12.2406350090517,2.8294112260782,57.8838934163538,0
"06106",4388.06306907437,61.8993180115899,40.8079268292683,1.15115885376589,14.2817569023362,35.956785373511,9.87718920249931,23.2355566499431,9.6986672412201,0.399390243902439,44.4207317073171,0
"06107",3063.86021394922,49.6858237547893,60.155560901291,1.04205280283372,26.5908810082788,52.547469006137,9.67090901602208,6.10815931463405,2.03056139050208,0.669056152927121,59.6614894464357,2.68418956591
"06108",6992.835775494,53.5826759845236,31.3837595611527,0.847501555048725,17.144412191582,24.9792660170019,9.13591125855277,7.24911880572258,27.2988803649181,1.2361894460326,26.4621803291354,0
"06109",3877.06381008952,55.3609386956891,49.4557871523085,0.604055803250396,28.8436646052064,32.8131741694233,16.0937724723141,10.1466992665037,7.81676973968071,2.6179127836665,72.6968770007825,1.42989258020915
"06110",3935.56956763823,54.5795490488455,43.9633053319743,0,18.8002161772654,34.4226265537741,12.4410016213295,17.1464600972798,8.04900018014772,1.11068152261783,48.5079610558504,0
"06111",4400.76119884866,52.4477307496175,48.2961222091657,0.445217391304348,15.7426086956522,37.2313043478261,18.2191304347826,12.7234782608696,11.2626086956522,2.54254806035968,55.0678701853511,0
"06112",3300.87315806126,47.9344786256492,48.3161203412663,1.52323414101163,30.0597724789511,38.2351050838743,14.2232791310496,6.21505238125844,5.25098014011183,0.821091795496825,48.4187568157034,0.821091795496825
"06113",3349.87866652237,49.5771361913094,60.3198781416603,0,32.0799301381826,49.0419684594442,5.41942774952484,5.18826732418965,3.20028766630708,4.19403739262254,71.733198585144,1.92016169782719
"06114",4422.09842588354,51.8859927950837,52.8093590377327,0,30.0193131245277,38.8361743219414,6.26416995549584,12.377193719036,6.44050717944412,2.50453122425441,74.5592354588894,2.19146482122261
"06115",3976.40459138113,53.0687247335538,46.048173190439,1.52656186262512,20.4462016379554,39.4160469421695,15.5919545639964,10.2984091123035,5.71087891054002,3.41557428453432,46.7305015525338,0.974348777092861
"06116",3962.94487576374,48.1978461003995,46.8984446477585,0.89941866842163,13.5644034953018,30.3864575335454,14.0141128295126,11.4511352418559,10.891740704179,5.46515870120394,64.9580445093032,1.00693177672382
"06117",4305.91181826619,46.4266845972816,41.6463487749311,4.23002264639275,15.6563409899709,45.2422355224846,8.31041734066645,12.5121319961178,7.16192170818505,3.79311723090451,69.8269315320357,2.17834445821176
"06201",5900.95761087851,47.6724944240593,35.9640102827763,0.996173637683072,4.98086818841536,29.5223644280248,16.9481461934292,10.548885077187,5.78572371025201,4.40874035989717,48.3933161953727,0.546272493573265
"06202",3367.09901732137,42.4748110831234,61.9423286180631,1.40071408953584,22.1367756110959,46.772864597638,6.70145564405383,13.4853062345509,0.274649821477616,4.97823721436344,72.5516866158868,1.25136017410229
"06203",3855.05469427554,49.4824928429861,47.2586302381392,0.581831831831832,30.0487987987988,42.1171171171171,10.5105105105105,11.7867867867868,1.53903903903904,0,71.9586486985416,0.184604024367731
"06204",3395.34722839989,49.9221514508139,57.0009930486594,0.507227998985544,25.0443824499112,41.0474258179052,12.5919350748161,6.60664468678671,2.25716459548567,6.40394088669951,73.423645320197,0
"06205",2728.93920605625,35.0958360872439,59.5851083533988,2.34287839345482,48.2521383413908,19.7843064336184,9.63183339531424,8.162885831164,1.28300483451097,13.2802370809409,50.0648268197814,1.14836080755695
"06206",3305.12182246575,48.1269044631654,54.4843049327354,0.345293499474553,16.7842666266326,76.9103738177451,0.330280738627834,4.42876444978232,0.165140369313917,18.7742899850523,64.6188340807175,13.8714499252616
"06301",4060.20917739031,54.066985645933,41.6850306941602,2.01162931231284,14.7300146373561,43.3494030913022,13.1830206668726,14.0290329944808,6.86612862073133,1.06088983772315,48.1670181137117,0.420426713468062
"06302",3191.59878059279,50.9143320421584,52.8234239617568,0.130708903582962,23.6967553436875,41.5116100261418,10.8027064431801,6.9045056127941,2.94479471013378,5.27337914550344,75.8515088138632,4.33223782491784
"06303",2950.37535876354,47.2204266321913,53.7116906115221,1.17575157882483,18.5675620616396,53.7993655597916,13.1311661476674,6.44335147405489,3.04414888972964,2.51920824883608,62.051926537374,3.92448087743852
"06304",2920.05693384819,45.7835621322874,59.0383444917833,0.41002277904328,22.6119969627942,61.5489749430524,6.30220197418375,4.32801822323462,2.08048595292331,9.64162543109911,63.7127005548058,3.13390313390313
"06305",3300.84842439995,48.9321998755961,53.4617328317143,0.374701941637334,29.2381060520041,38.7021687294198,16.5436584535029,8.15260588168502,4.62132394686045,1.54977820203268,73.9401426245157,0.640125779100455
"06306",3324.73483798047,50.1961189099917,57.8105048097387,0,15.7628022759602,51.0579658605974,10.7485775248933,11.1664295874822,0.702347083926031,3.25189410062144,73.6443347237593,1.12369115518856
"06307",3715.72590539219,43.6619718309859,51.1183020843247,0.379090183559457,21.9672785315243,51.755786113328,11.0335195530726,8.36991221069433,3.50159616919393,2.09836065573771,63.5784543325527,0
"06308",3424.63032141609,47.853624208304,55.6015615757719,0.418760469011725,19.6219191194066,61.0911701363963,5.97032782962431,8.01627183536731,4.11581718114381,6.07941899964859,67.5412908515872,1.2650814103315
"06309",4682.56885665628,46.0753532182104,52.6243093922652,1.53096729297147,12.8740431454419,53.7926235212248,7.72442588726514,3.13152400835073,9.88169798190675,18.6602870813397,68.6944634313055,1.02529049897471
"06310",4754.05716279085,52.1573683879489,41.4875857865868,0.459097376969957,12.167422879695,50.5275592665181,11.8774666416087,7.76169892877279,9.66789271619191,0.922123002729272,58.8171387689128,0.752537163146877
"07101",5301.29707716712,51.8720431697221,34.387765551927,2.13240418118467,18.0193573364305,38.7588075880759,11.3875338753388,11.2880371660859,9.05303910181959,0.999678620715731,36.149119987901,1.31198366637049
"07102",4630.18385705896,46.0513715392309,45.4007849978194,2.28270257883697,22.6049249969153,31.9172938957536,11.2742592233523,11.8559517723996,11.1279547337435,0.402340892465252,64.9301564078448,2.45062179956108
"07103",3260.87673524412,46.1981883063409,61.1710865993898,1.11476179300634,40.2722365641868,31.3189392161464,6.26613471016193,4.50598451067824,1.73668153015724,18.0591410467026,56.794179770007,0
"07104",3099.14327277975,50.6802721088435,62.7993613624268,0,50.6738544474393,20,13.3423180592992,5.4177897574124,0.646900269541779,17.9882916444917,80.5215540180947,1.19744544970729
"07105",3226.4172982846,50.7481296758105,64.2470431450941,0.395389921763271,51.0936316984942,26.6341381340961,8.66913434844788,5.70370993522335,0.429040127870783,0.428952190571381,68.4116275195735,0
"07106",3528.32383728536,50.3660596958889,66.6265965439519,1.08124806919988,44.7173308619092,37.1331479765215,3.73802903923386,4.13963546493667,1.51374729687983,6.35612321562735,73.2682193839219,5.57475582268971
"07107",3815.25830803108,48.0336725719311,64.1356309060589,0.352633375042657,24.7639631441247,56.0800819019452,8.15606870663178,6.05164372653851,0,18.4658143413007,71.4841578654808,0
"07108",3238.20867268325,49.5452369554811,72.0348289927832,0,28.4497598985231,54.7974993204675,6.70472048563921,3.15303071486817,0.525505119144695,10.1347117794486,86.7089598997494,3.67324561403509
"07109",3130.96476394595,45.6411316519993,65.0533917185219,1.35149292823468,38.8973284442116,42.2865374541645,5.93242535358827,5.57883708748036,1.28863279203772,20.8378991361076,81.2593970591983,4.36278382304223
"07110",4019.9699672571,46.4547026739391,48.757016840417,0.484320135609638,36.17871413004,47.5481293134762,5.30330548492554,6.48988981716915,1.62247245429229,23.6188951160929,79.091844904495,0.480384307445957
"07201",3705.36962096499,47.5830106769917,51.2940279300319,3.25583638819217,34.0994597723326,41.8435269149141,3.88770982056724,4.60881728728536,5.87497588269342,7.67822323679079,65.3445569981452,0.905978028249394
"07202",3082.77194782251,46.3306451612903,64.885993485342,1.76836589891933,43.0084051959393,41.7749154022487,3.77688025324746,3.65680602554306,1.83386093221264,30.4017372421281,69.2073832790445,4.94028230184582
"07203",2903.72107566367,44.496255475484,58.8765687827464,0,53.9977406803063,26.15790134304,6.81561440943894,4.29270741809966,1.45600602485252,19.5355026007016,76.9928631910004,2.08056126769082
"07301",4593.88367232911,52.3037382030105,44.9109687086115,0.902713114928885,13.9884992927563,47.3035888177301,13.3814780327962,10.7685855836005,9.42233468621834,1.4701660446391,53.9034177020811,1.0308521221266
"07302",3499.61498044431,37.6157275117156,53.7399309551208,1.09256449165402,22.2053616590794,50.096105209914,10.2984319676277,10.8851795649975,1.92210419828022,6.92889271700641,74.0932146616901,0.153124700928319
"07303",3258.66153639247,39.9378272251309,48.6333025221181,0.73342736248237,21.5373765867419,42.4118476727786,13.6248236953456,14.2595204513399,4.27362482369535,5.1366697477882,83.9957744619041,1.76944407764426
"07304",3577.13896746736,44.1681167179762,42.9832918922687,0.281592727991305,14.9392352534335,47.9152257682047,20.7637585218852,10.082995751408,4.05098310443632,1.11834031813656,63.8727453749797,0
"07305",3792.52630004291,50.6449948400413,57.6506498621505,0.955414012738854,21.2738853503185,58.3651804670913,6.3588110403397,6.02972399150743,1.56050955414013,4.37179992122883,55.7404489956676,0
"07306",3678.46940750624,52.6846483488782,64.1530857600855,0.50595026010119,28.3189624456638,46.6614408893323,9.54892040190978,9.47765980189553,1.94541438038908,4.03419716804702,83.976756612343,3.78706919583222
"07307",3352.6113998025,44.4336293953036,56.202907778839,0,20.6706645453433,45.0556847387101,25.0275364092522,2.44768082242076,5.12789132297149,5.16820545473841,94.2905656372705,0
"07308",3995.0118167478,49.7270227002176,54.8865804536782,0.46571612810776,15.9740631940962,63.1833488572043,6.83169735616537,6.07222182417425,4.58909507773877,12.4408169033991,76.7790262172285,1.4062610416225
"07309",4321.12573405023,34.2200725513906,66.3064208518754,0,33.2831649107719,46.50612771447,5.4826918942163,3.69812943453021,2.19307675768652,28.8620470438652,86.6920957830049,0.593346047891502
"07401",4068.02398904848,52.3674702043898,46.8709936767997,2.99301592896957,25.487452907092,42.2371059067175,8.22666284782657,8.73449514199476,5.65445372226751,2.0512374785424,67.0596032246148,2.89215792790248
"07402",3148.70493697643,42.562886211847,65.2472012427018,0.192025302157461,41.8332768553033,42.0309499604654,1.95413983960239,3.874392861177,2.77871907827855,8.03470994697091,80.9255985858911,8.30789008516792
"07403",2759.76992775524,49.2794091154747,61.5695650645195,0.540140584535701,39.2378838327784,40.9988901220866,6.76655567887532,4.79467258601554,0.173880873103959,12.6887899919403,81.8130847671444,2.04296176893156
"07404",3629.46369977252,56.0511870908009,46.082911253028,0,36.2808590722905,39.341857633123,11.612974648511,4.08778921731429,4.64408280748367,6.35193836570773,81.8894626123542,2.72382045187553
"07405",2638.09953530146,44.3377483443709,63.9240506329114,2.24830755853674,42.0719209986957,36.991491211726,3.54636357990187,6.87534935718278,0.465809577044904,9.01250539025442,73.7078790118894,2.84605433376455
"07406",3633.80122009427,48.6378838552752,51.3031882652443,0.469272627427487,35.2878039039489,31.3414207977635,11.1527132943937,10.1068344066697,2.91548100444311,6.96767945769277,68.9190170681516,10.3692046967679
"07407",3566.64503594061,51.7537022603274,54.0752240491144,0,24.7542642382191,50.0795027464585,6.25903440300665,5.70251517779705,2.77536860364267,2.89323265824571,72.5636864018065,0
"07408",3415.26563206568,45.0478814115178,47.7538891802132,1.92556064341904,22.7721028531173,41.9396501115416,10.5671010919338,10.1620288834097,2.10167899495127,11.4548738565519,84.5015440191109,2.43547165413972
"08101",5968.5527179243,48.5289435638345,25.6718201710047,2.99433114257967,17.3236669151026,30.5418162928834,13.9517130790252,11.8092915057479,19.9358583463198,1.83086194663242,39.7495082673948,0.52900548764606
"08102",4288.61030181514,45.1195625988499,38.4610685424048,3.06153778674503,22.5299355234879,31.9724549322339,18.2271152243519,15.1401377253388,5.12741786920479,1.36133224171268,76.7040604804292,0.240388802759245
"08103",4883.61039932469,47.4926413632843,32.1074547906818,2.61868939599806,18.6595703785203,34.396892833235,12.9946910397211,11.3628982548699,11.361572671779,0.0693653722826443,56.6191579305561,1.72497284280236
"08104",3070.9668688182,40.9535620779937,59.4520547945205,2.40008807662667,47.9136849058681,32.3571507211274,5.80204778156997,4.81118573158648,0.583507651656942,45.4794520547945,88.2520547945205,2.9041095890411
"08105",2900.19287168024,45.2194977259245,47.7936351706037,0.83008857130632,35.1675152967353,26.3831243849215,16.7258568311155,14.3168884514997,1.12532625903898,7.50492125984252,83.4399606299213,3.02657480314961
"08106",3507.25995648218,42.283708012367,41.9066490532805,1.99104591779343,23.1141308015928,45.6725685617224,14.3715269184909,9.35679092892978,2.97419514499764,2.78731836195509,75.7948040510788,0.935711140466755
"08107",3666.25740334434,48.9301237044467,37.4839857651246,4.67660085713773,24.9376871626589,38.035038642925,18.466117955063,8.14998117166066,2.11236035648322,5.76960584407525,73.1821486196564,0.70923243319917
"08108",7194.12968538986,55.0526131620385,38.4159958945898,0.817952616486076,20.7163340326026,25.8068861987336,11.7121191708847,12.9987105217575,23.4983352258512,0.262166613034508,49.6924037933711,2.64154157754264
"08109",3921.90756607263,39.7655625610514,54.862043251305,1.50231124807396,40.0077041602465,34.9152542372881,13.1972265023112,5.88597842835131,1.79506933744222,29.1784072371348,94.9948094320036,7.10366305798606
"08110",4960.90399677738,45.7473229617292,31.9128548182969,5.99812558575445,17.7863772409832,28.0775160987998,15.8817305076035,18.1201439066421,11.3710433231551,0.607582436110509,50.3161355589277,0.659970614447094
"08111",3828.91059683906,42.8078920041537,39.404741000878,2.3561730677796,25.0374205363904,42.183950552063,8.56181872611689,11.0412594431824,5.92917393065314,7.42581211589113,68.5250219490781,0.9657594381036
"08112",4209.57399419718,48.8760753599951,33.6024821502,4.12665909176042,19.8853775175118,36.3033625092085,16.1707600294672,13.1241493838105,6.77870868658617,0.271161141862056,49.326450649916,0.656757261023696
"08201",4471.96156154463,41.5279497409089,53.0412453859734,0.373134328358209,34.9021023912695,44.174289841117,8.89905312148933,5.93002728294014,1.3480982185845,22.8093403948002,92.1601669073985,2.02214732787675
"08202",4364.49758414683,41.6202612979225,42.1080196399345,1.91598472449536,28.8794326241135,35.1751227495908,9.00818330605565,13.708674304419,8.97763229678123,13.645390070922,91.2144026186579,4.40152755046372
"08203",3350.3832576738,46.2827372571107,48.5913846513531,1.74922828164045,43.9453182419521,26.126708804939,10.4777304130531,7.93473467587829,1.49933852712039,19.5876288659794,85.5932203389831,5.21870813675811
"08204",2733.05448327134,38.7835926449788,56.1697247706422,0,40.0366048959048,42.255776710135,5.14756348661633,7.96156485929993,0.297414779226722,42.7362159688858,93.8000457561199,1.25829329672844
"08205",3520.46660819373,45.8165780256843,49.4868393492983,0.927389609020972,28.3134857905645,35.8450135244318,11.6310113464714,13.8230231496118,3.17911968243932,20.608214024454,91.3226739122862,1.24708259309576
"08206",3171.73352430255,46.0513447432763,56.8574439811208,0.623614190687361,32.3216925351072,29.6932742054693,13.779563932003,15.3409090909091,1.05321507760532,52.3050862976697,95.4813899189672,9.30732957927025
"08207",2752.85803096542,43.9590974769368,54.9657686494176,0,52.1294567440206,28.9143771672446,3.07637592246821,9.13132390859785,3.6720903352005,26.8516048724104,77.8340890904241,5.42366853383124
"08301",4331.10887926261,46.1669644307293,43.5745992830742,1.34647025245718,26.9044615318198,34.998153220352,14.561257920766,10.609629157053,7.93971343736059,7.41249524304556,79.7808552307935,2.15014340477273
"08302",3246.02313594519,33.7128167462358,55.3896685577784,0.388175574798447,52.9411764705882,23.3801134667065,3.34428187518662,10.3015825619588,1.01522842639594,14.3027769483428,96.0585249328158,0.597193191997611
"08303",3474.88744608847,43.4787459555952,51.1567732115677,0,34.9943374858437,28.291145052187,15.1326864803648,13.2961954026507,4.1749563833369,15.3272450532725,91.7686453576865,1.56773211567732
"08304",3064.58647641458,42.9551164527738,51.8899239747296,1.95702225633154,47.56605635347,31.0163359280781,11.5502686108979,3.09176625370025,2.36267953075321,15.8796445015526,94.2338580147767,3.59781561194989
"08305",3456.57573379393,45.2084075525472,54.4473487677371,1.08032295970585,41.6663507827603,30.4006671468102,12.9942003714795,6.80792994958493,1.85739736931883,23.050784167289,93.4129947722181,6.34802091112771
"08306",3615.77768498294,40.3916707982152,45.2102572232571,0.44102317376313,28.8589527704274,20.275038088365,23.2699863683746,15.5400529227809,8.51976585678775,8.24064911933505,91.4308331684148,3.10706510983574
"08307",3196.56667073815,49.9318243796018,57.4013343887821,0.806545879602572,33.5008766803039,33.8398597311514,14.7749853886616,4.97954412624196,5.51724137931035,21.0901277846885,95.3070225036752,4.54596856270496
"08308",2746.04594888019,24.612676056338,56.0230024213075,0.436681222707424,51.2788521522146,16.6562694946974,16.126013724267,7.01809107922645,1.621958827199,27.7542372881356,97.9418886198547,0.423728813559322
"08309",3206.48437551962,39.2125401135522,51.6698425433758,4.50395617772368,40.8094948265368,27.4193548387097,13.0452424426861,5.43720835869345,0.963684317305741,24.2705835331735,100,1.16906474820144
"08310",2765.8157068567,29.2301523656776,50.5025125628141,0.493421052631579,61.8092105263158,26.0197368421053,5.85526315789474,4.11184210526316,0.493421052631579,7.8125,93.21875,0.78125
"08311",3402.56320538091,36.7172306495527,52.9626623376623,3.36842105263158,43.5042444821732,30.9066213921902,14.1392190152801,5.01867572156197,0.842105263157895,9.89583333333333,92.3971861471861,0.946969696969697
"08312",3076.25671353638,43.1158121190391,58.9004850801117,1.34972100738953,39.4209018247625,32.4536269039361,11.2652691901674,7.0803800331775,3.58166189111748,22.4680288108188,98.4712626782302,0.455681317066
"08313",2829.27290191744,30.8782890784573,56.6207248596222,1.77212550818305,52.9187949546544,25.0443031377046,11.4458459293235,3.77879703950797,3.1689773793391,28.5023424512619,91.5923631051332,4.992191829127
"08314",2172.8813847328,31.7429674572532,67.531914893617,0,61.6364421416235,21.7184801381693,10.8160621761658,3.36787564766839,0.129533678756477,66.9923534409516,95.0084961767205,7.2642310960068
"09101",5826.35861596747,50.730456726912,33.9895327460972,2.60055193649383,23.431742737958,30.481560026897,12.6531593343901,9.69053218970307,14.223166119497,7.87966600445128,73.3747591378254,6.36115135853735
"09102",3531.27744104993,45.8095928726821,54.9120203519186,0.849514563106796,55.1621012482663,27.2798196948682,4.46428571428571,2.40117891816921,6.11130374479889,65.639139075648,95.8602900756903,36.9571652078312
"09103",3253.87046936842,43.0995921589265,52.091933504407,1.20578778135048,41.4446485989894,38.0339917317409,5.01837390904915,4.28341754708314,2.9168580615526,58.2059578266205,97.9248019636283,52.1700323552382
"09104",3939.61496364535,41.0752688172043,57.4608828393334,0,61.9776417354272,21.7593824860261,4.63135480436519,7.87862656374767,1.45062549906841,86.5479348237969,99.8610584817481,66.1866868763421
"09105",3325.30615063716,41.1729193617939,46.9753843932722,2.2594325826265,34.6190406551623,36.6627668909038,7.58628253875402,7.0378765720971,5.80213512723018,56.4137731899228,92.8390962246445,39.3416588464592
"09106",2099.9242025946,36.344194238269,53.6448215928842,0.571973307912297,55.3331214913674,27.8466264166931,6.55650884440208,6.52473254951806,1.15453871411927,85.7069829260812,96.4216337797771,53.552806461507
"09107",3621.44752929469,48.5798072894847,45.2751397588738,0.849917081260365,26.2230514096186,44.5135433941404,12.1475953565506,6.27418463239359,7.02045328911001,44.095595126523,95.0060249029321,36.49082875887
"09108",4240.74085465741,46.0563136983935,38.8512209911251,4.94795968941021,21.6036125337298,33.5205683132331,19.6018503221543,10.75499752189,5.2122914257393,31.6701392696568,97.4668275030157,13.329312424608
"09109",2812.97053104483,40.6191835215287,49.4690571442683,1.1923928355806,36.7578989736366,41.8796538538941,8.40712416985309,2.44515999195009,1.47917085932783,33.8865017039561,93.8262458635847,26.1767175384008
"09110",3478.94102423396,44.6889046605157,54.2185069984448,0.785683107813182,44.6311654299433,27.3461370580532,5.87079877782628,2.70624181580096,6.89655172413793,77.0606531881804,98.2698289269051,37.0139968895801
"09111",2976.6603209225,47.1325301204819,47.9902364800609,2.1396035157503,43.2122922948611,32.9505357028293,7.12773465067043,7.42285237698082,4.48450631936871,48.2787041146263,93.2162556267039,17.7169847207253
"09112",3680.13759454979,51.2105964185289,44.9558294252372,1.78304239401496,35.8167082294264,30.9588528678304,12.8890274314214,6.79052369077307,6.91521197007481,38.8325671425115,84.7810307282845,20.1040406484394
"09113",3704.32905859442,42.080501829587,49.1608796296296,5.12899262899263,37.9146191646192,26.044226044226,14.3581081081081,6.31142506142506,7.95454545454545,55.150462962963,92.6649305555556,33.6950231481481
"09114",4090.30987850225,45.7468534789836,45.2903977367282,1.24712282904373,24.0217618748692,39.5396526469973,16.9031178070726,4.93408662900188,7.56643649299017,44.1233779694043,94.5524646573525,31.9887235189254
"09115",4193.10649428789,56.3622386223862,45.0094917248202,0.522040218404581,34.3614329471301,33.1202556931682,15.6212544946065,3.7634838194167,7.60420828339326,33.6002730662186,87.8327994538676,19.0752507483065
"09116",2401.07313049443,53.3969679955081,58.0003302509907,0.409254155182494,67.5770483588073,17.673097803391,9.02864779086277,0.668170049277541,2.75620145326986,57.2077278731836,90.3319022457067,37.4009247027741
"09117",2974.303405752,45.5590386624869,57.6946048178379,0.52652895909275,44.3229377615769,35.0681787498312,4.30673687052788,6.39935196435804,2.67989739435669,70.9124351310517,97.4906391644222,40.9052092228864
"09118",2351.8643956281,37.5953079178886,54.3593803008029,1.0801393728223,69.9419279907085,16.8757259001161,4.95934959349593,3.2404181184669,3.29849012775842,72.0796109917449,98.3715933506729,22.6959176749972
"09119",2228.07792451201,37.662611260336,64.2089351696339,0.24294211275865,53.6357543771467,30.0955013822568,5.85574264890676,4.84208762670688,0.502638853983413,83.9993298148614,99.0659294630142,32.4495266817458
"09120",4211.12587637879,50.2026846150904,47.6491492908136,2.05768582572268,38.4845031539412,29.2313371747749,8.43779593278012,8.01245525897629,7.73317496749755,41.675830217726,94.3903358572371,26.5072732413836
"09121",2358.16596535607,44.7199709689125,63.867585671294,0.296237780191567,63.9676113360324,22.8300582600968,7.01096079786709,2.55751950232053,1.95516934926434,67.0802636680884,97.1209771229159,40.6649864288484
"09201",4129.4037128036,47.3308433061463,47.7979379769443,3.28348232935082,33.6076531038516,31.717353162336,12.9146127496031,7.94134848358259,5.7064082212382,11.2597818594656,85.9587235940478,6.44690426955358
"09202",2950.04542835339,43.2537905444309,57.775448055514,1.94752364486932,50.4830672226177,29.0603071290552,8.45621885487644,5.04932370588834,1.42377707718906,50.8312116219859,86.880335480006,1.71733812590485
"09203",3491.53959539876,43.5801312089972,47.2341954022989,0,36.4998545242944,30.5280768111725,15.4058772185045,7.64474832702939,3.62234506837358,51.8965517241379,90.3807471264368,34.1738505747126
"09204",2761.61697038718,42.3752098916196,56.2450005713633,1.15721800116891,61.5195791934541,25.3652834599649,1.80011689070719,5.78609000584454,0.794856808883694,60.3359616043881,96.9832019197806,5.46223288766998
"09205",2913.63149768619,44.6638511585435,65.3329628600537,0.904977375565611,55.0466340382307,26.5860190229938,11.4414996767938,1.86536152922708,0.849570597469757,83.5811247575953,97.9499492104534,41.7305383691938
"09206",3181.6452444784,40.963030579644,58.8625069022639,1.21927986283102,54.5056201181177,24.7475709658983,7.58239664698038,3.84835206706039,2.00038102495713,51.7761825878888,99.0428860666298,5.94515000920302
"09207",2560.37407568508,39.6589418452121,63.1397034229011,0.168539325842697,61.3370786516854,23.5955056179775,4.50561797752809,2.8876404494382,3.1123595505618,69.1777011238456,92.9453655279849,16.6573940135752
"09208",2796.19229513477,44.3577430972389,55.5809741683348,0,46.5748182166093,36.4140834290088,1.26291618828932,9.11787217757367,2.88939915805587,44.6954532456391,98.732246687637,3.85091983604995
"09209",3726.56761920938,42.3071356202055,53.1644091546007,0,38.8349514563107,34.4839985616685,10.9672779575692,6.93994965839626,3.05645451276519,20.0957496496964,94.8271835590845,6.25875758991126
"09210",3802.42523325102,48.32334863456,50.5249343832021,3.95264464388008,34.6445165807396,36.2994080580485,4.75463051365286,9.49653109286487,4.87556489084081,40.1852312282447,94.5363003480855,6.83739433117852
"09211",3059.56821733946,44.1700469259524,49.1250243048804,1.36554269417883,40.5837946653246,27.5859755074652,11.8805569535313,8.54890119107532,3.54973997651401,47.0177705977383,96.2778675282714,15.2439418416801
"10101",4962.91764956317,54.72654322116,42.2047972172177,2.03224092643436,29.3560359784664,24.9746434290258,13.2006494254368,9.18520885269411,12.5322762212951,23.717711940959,84.7105548993004,11.8996331879007
"10102",4441.64028960573,51.6855847564509,54.0687111906505,0.751427712654043,57.8681312675902,20.8814930185534,6.87214799027243,5.94584255540072,6.0414788097385,47.1894574147889,96.8410206350498,35.3046449198731
"10104",3880.65073967393,47.8995954776476,56.7550618168787,0.732394366197183,44.8920187793427,26.8544600938967,8.93896713615023,8.45070422535211,1.39906103286385,53.6283820103924,94.1677118795915,23.6875111987099
"10105",4241.4391733575,49.8861047835991,61.1833868597246,2.56650844464069,30.42830334474,30.7705044706921,12.5841704382382,9.90727453361298,5.86709349817861,47.5705541411625,89.7784518715129,19.9609988624668
"10106",4600.29536536818,50.8654697689397,59.7505142326322,1.5261097471966,28.8965563001792,29.0889788335213,8.22772211532082,5.66651184393869,8.42677990843342,79.5700351668768,100,63.1013204166943
"10107",3592.15992636023,49.478021978022,49.9841621792841,0.312731898653663,23.5450015901622,32.778543411428,17.041238206297,15.0482349199618,5.69808120428284,35.4450427621159,93.6437546193644,13.1665082884595
"10108",3218.86299058808,43.4498036451515,57.4854344338428,2.30756130790191,42.200272479564,29.6236376021798,7.04189373297003,3.44856948228883,1.14100817438692,52.29249345605,96.4198260575868,29.5955416701849
"10109",6017.19329272251,56.7484489565708,38.0921434373912,0.717953594522632,21.9308672499049,30.4464625332826,10.5054203119057,9.54973373906428,14.680011411183,21.9473134501567,86.8330045259371,11.68388070094
"10201",5503.36211336468,54.7721605078214,44.2858118723957,0.808183071793887,31.7722424898323,27.3176351481087,9.53760756864319,6.21759849185708,14.770723873693,49.7140620213092,88.6628995472649,19.9203458487933
"10202",3593.02253648556,44.5810121731954,50.4278906933774,1.73512026090501,31.0232368528333,43.1028332653893,3.77598858540563,2.97849571952711,6.89207093355075,52.1613342409803,84.2093746961004,7.97189536127589
"10203",6313.62689462523,51.0427766783376,55.7777488275143,1.23149482510153,35.5954408489454,26.555744792349,10.9720948513036,5.43691864273549,8.23398401676929,61.666232412715,96.8212610734758,29.4815007816571
"10204",3413.86112325984,42.3728813559322,62.4454148471616,0,26.2008733624454,27.292576419214,18.7772925764192,7.86026200873363,6.33187772925764,22.4890829694323,91.0480349344978,0
"10205",4758.13814173391,51.8181209401996,59.5824588534187,0.468227424749164,30.2954292084727,32.4526198439242,9.24191750278707,5.49052396878484,13.216276477146,23.3088477140664,99.5943427255783,0.416620984541169
"10206",3117.05956199955,42.7707199032063,61.8852459016393,0,62.9098360655738,23.6168032786885,11.577868852459,0,0.973360655737705,89.2930327868852,100,71.1065573770492
"10207",2838.88490543569,45.3631010794897,66.660094637224,0,62.039603960396,11.8811881188119,5.86138613861386,3.6039603960396,2.2970297029703,38.544952681388,99.7634069400631,2.12933753943218
"10208",3865.58339179904,44.3504230960677,59.824646609238,0,46.6439751424667,21.3583971532451,9.10239550295248,7.01374384363477,4.68270544854439,40.167684875131,98.2311290611181,22.8547327522303
"10209",2743.20576897358,36.7500341670083,68.2407715330895,0,52.7879392528545,21.560802571777,8.72408823855448,2.19487861656136,1.92883272364483,39.7849462365591,95.5104755570336,1.52976388427004
"10210",3155.13394734412,37.3501577287066,66.2669384818324,0,56.7156980950084,13.1540872920183,12.9370629370629,4.52134072823728,3.24330841572221,55.7349599330224,91.9268030139935,24.4946776701352
"10301",4667.34823637488,52.4765838188657,42.2424034107013,1.58151079181556,30.7072521249992,30.6679638048555,10.432608058471,8.80307820870205,10.0328649916123,28.5983832367817,86.4938180809828,7.129552044464
"10302",4105.21526575718,51.2779083431257,49.7943382530849,0,22.4065362713543,46.5090368903194,15.5484030700668,4.66699678138153,5.63258232235702,54.0043551899347,92.4872973626905,30.5589160416163
"10303",4017.17337200155,43.3243324332433,52.7492447129909,0.192942371160193,31.6273165778116,42.3762376237624,5.43792840822544,10.2157908098502,4.3970550901244,55.5287009063444,93.5599194360524,10.3524672708963
"10304",4206.25667658571,48.684712161647,49.5424579356489,0.77683615819209,34.4430992736077,29.5399515738499,16.6868442292171,8.39386602098467,2.53228410008071,44.2436149312377,95.3143418467584,18.8801571709234
"10305",5335.22861048393,50.4748692775584,46.989835809226,1.04222821203953,38.8050314465409,36.4869721473495,7.26864330637915,6.84636118598383,5.78616352201258,67.4053079103324,91.0675942626471,26.1702310401099
"10306",3236.96249281144,42.6449534717251,66.859756097561,0.16793893129771,69.2213740458015,20,0.458015267175573,0.290076335877863,3.83206106870229,90.0563423176489,96.6346885944876,8.86249428962997
"10307",3284.6764755523,56.4866149215904,62.9761300152362,0.840888188148732,48.1934042832742,34.3713046905794,7.69938247273683,2.92996978058074,1.10366574694521,72.9698962813053,97.773842651151,16.1396407791551
"11101",7543.43875020566,61.3072779219646,44.1280054182188,8.38583228335433,23.8835223295534,24.3052638947221,12.3372532549349,13.3469830603388,9.64055718885622,25.6191636215997,84.1521180132629,12.5253755582623
"11201",5811.69983175056,55.1484209099535,46.4836294229922,3.32282687122622,35.8713401435461,20.8027949720883,8.89758098203775,11.6128052253826,7.21148368966696,35.1772425675428,92.5583782396715,15.9243374023974
"11202",5578.72067903902,59.5550061804697,55.0290135396518,0.563325563325563,30.4001554001554,41.0450660450661,18.1429681429681,8.43045843045843,0.854700854700855,34.1586073500967,98.0851063829787,21.2765957446809
"11301",6468.65706245444,54.2735042735043,49.7005988023952,2.49895876718034,34.5272802998751,23.0737192836318,4.74802165764265,14.3273635985006,2.29071220324865,67.0259481037924,100,17.3652694610778
"11401",6603.61910930597,53.8915609969392,47.8179783662812,1.57692307692308,35.0961538461538,26.0961538461538,10.1153846153846,9.30769230769231,3.80769230769231,58.7467362924282,96.4565460649012,21.4099216710183
"11402",4152.07773635263,51.1851851851852,65.9040178571429,2.38907849829352,55.0056882821388,15.9840728100114,2.73037542662116,9.27189988623436,1.47895335608646,87.109375,97.3214285714286,54.8549107142857
"12101",7373.34908239178,56.2655427606939,33.7881404720783,7.16449830689717,13.1035126579593,21.9763899143689,11.9425278576945,14.0183822593375,19.7384389507006,1.3491887633257,2.23469647356197,1.10298643425167
"12301",8058.1233231958,65.4984423676013,44.0223002271319,4.48202959830867,16.1522198731501,30.507399577167,13.9957716701903,24.7145877378436,4.18604651162791,3.44827586206897,5.69894693371877,1.4866818087962
"12401",5645.32723405635,57.2899505766063,40.0273490916195,1.25538592478323,20.8255758285015,30.1505399223363,15.6284908771743,13.0858024362998,9.17070056917921,0.915822291504287,1.04734996102884,0.915822291504287
"13101",10084.7346957117,75.0535180452475,21.6284407275242,0.40772856245877,8.3341943585627,22.1564310636708,12.1547619993801,11.2637995851183,29.0989437207417,0.525255376027972,0.462538316203736,0.330832490572842
"13102",4337.52557208437,61.8840927432547,48.1159861872842,0.478826366013516,22.1227968893266,28.9910686996978,12.0283899887934,11.1369579244066,12.5191021156654,0,0,0
"13103",3838.82640391755,55.5691294417592,40.8496621906222,0.819119530775973,28.8984022112856,19.6529697296568,14.0902042742534,5.35967100384278,6.72149935953617,0.759729314985787,0.248211785028469,0.713608881956848
"13104",4384.69953079652,56.541937663654,34.4316272818905,2.03925508957422,19.5293499731677,31.8379557209897,13.4070175037965,11.988901702424,10.0284308240372,0,2.3391943519739,0.227887128845595
"13105",4286.95008922775,52.935838944387,39.9182926430696,2.42731144572253,25.1665045776183,36.2768704517254,13.1553707367786,8.44763405882156,7.18468090814581,1.63150988111327,1.86262412597685,0.103805550659067
"13106",4818.63835297164,54.2977229050588,38.9701826676617,14.5234193711577,19.5526179766631,14.9787196603944,5.3239340584412,5.50429455949147,11.055878762551,0.471535241054858,0.964651042341059,0.446717596788813
"13107",4246.95147851661,57.2472683598442,45.0099110312082,1.8416121046665,27.8809892881105,29.4056405154663,16.7005992180089,9.1467505726118,12.7744487888393,0.416231897352398,0,1.25098898074784
"13108",5385.50475489821,72.4261229314421,22.9859841560024,4.17190930846471,6.29857153430538,22.3595588779513,31.0265709421952,10.9293661954457,18.4096908691683,0,0.311716143486837,0.603950028005747
"13109",6080.03013094674,53.6700573867285,29.6734485091497,2.14391741447945,18.0014843802712,23.2356116321436,7.92625328925174,13.2514675123136,18.9578975777613,0.415163347007364,0.207581673503682,0
"13110",6110.94461199537,55.9721968758304,33.3274416331793,2.37859189029831,14.3508638277667,29.9947298940239,9.75517487881365,9.90075503399479,24.4029387363225,0.224579560155239,0.803622250970246,0.316688227684347
"13111",3935.758183728,50.0329982180962,37.9197334709434,0.708911644077464,32.0820997546423,23.0210681659741,13.6992874668405,15.8776289938525,8.32405320006156,0.314209240079134,0.800293620030615,0
"13112",3251.95351601671,52.1673094194094,48.8507324610896,0.979314171796163,42.2703030427589,22.973292365871,11.5082260335207,10.5859443239855,2.37738020613895,0,1.68044161151606,0.560655504386634
"13113",15626.9375249855,57.7524760404709,23.6978989981229,3.08204443035395,2.54647976629906,14.1001834280668,5.00577458728685,3.37983197083267,57.3110804139586,0,0.171298487614669,0
"13114",20829.8873513526,57.5984432518189,20.3517303971094,2.73453904566515,3.77685830929482,7.73512423151329,4.40713789043944,4.36961715076453,71.2119543141966,0.250204230912528,0.818974504462317,0.198591063060353
"13115",10542.9278909247,58.0773833266853,33.9512581731722,1.2219845028326,8.33513626128833,23.305848698286,9.89446861703406,9.6027949389809,32.9815620567802,0.325859137106023,4.69094791790248,1.24886305216119
"13116",3859.89176775838,54.6152587015074,45.7044077517229,0.423598369638833,38.9673558349444,25.1092859165856,12.9616175547045,11.1440850152077,5.08194904505658,2.25993901386572,0.859559288878661,1.48898222196652
"13117",4404.50487474198,57.1395072536268,35.6082900256715,0.527198658039779,20.1457994374866,35.0460983515583,13.885000063062,7.12853305081539,9.64470846418707,0,0,0
"13118",5743.3256961382,53.1697135454153,29.2107830307645,5.14704102626165,12.8790996006293,25.8719593368026,6.45891322764129,11.1230787849449,22.1275565775142,0,0.85051791314264,0.194811365580158
"13119",5767.13032282347,55.1372103319083,29.8772421584786,1.59729826757903,11.3540052425443,21.6073648186668,14.3885833043183,15.4205851949537,23.6754276931181,0.0976745430704595,0.894680974426218,0.108111001097166
"13120",15721.0642506778,63.6411983690835,19.0449619226507,3.02314895504888,5.22317113748356,13.0408949027934,5.01877584649755,9.23660735506156,55.0124380080174,0,1.17257802123529,0.385095998931162
"13121",4455.08704287526,55.6104216750049,37.0836073819012,6.33784177231942,20.985415949816,31.6005399539451,7.83330245361425,11.8472247955321,12.3964426563617,2.30182965947291,2.1555595473325,1.62565115861326
"13122",7871.27280406414,57.1334123431639,38.2925220873324,2.04657328300423,22.317509840849,25.5207365077312,10.650344732822,11.4133641558693,19.5612638317478,0.114851485148515,1.32158415841584,1.40118811881188
"13123",22333.6980409855,65.7093132917854,15.3308343511772,1.6077361177029,1.66028205302054,7.18947047257441,3.58498881280087,6.9555563089023,70.507322530341,0.2676474796529,0.526878371895331,0.397262925774116
"13124",4494.87819555448,57.0355485581704,36.4705647814039,1.50189206810101,19.1058549929762,22.4890609561833,17.3488866036201,13.7956297595763,13.3426088359244,0.532716689470563,0,0
"13125",5011.43215739331,58.3085223393765,36.8152946588902,0.374069027308532,20.7608310156235,29.0896533701678,17.1687230507905,11.4830231646538,15.6575140462546,1.13418814834602,0.166585043705386,1.36607156107624
"13126",4655.01331084918,62.0313847215037,37.1343485617597,0.298305459266113,16.6843900620089,26.4911820353823,12.212570260603,11.1229267080059,17.0959411122927,0,0,0
"13127",5629.99643943735,54.3187754002553,34.6907157339046,3.30933325683907,26.5788894944685,26.6802443991853,13.6159796525248,9.52736104338181,9.38106575638488,0.72928155782908,0.792986726505153,0.63134674628228
"13128",4544.03100911654,57.262715760438,45.2217245425847,0.949623238231932,21.6202007727163,30.4622111701728,12.7798593088946,12.3000408888741,11.8427530729241,0.778876474801782,1.25641173419399,0.671842709765596
"13129",4393.95582165697,54.1977664821149,35.5066783971847,0.946468881006127,20.1709126088359,37.313769751693,14.5436955820703,9.20509513060303,8.72460496613995,0.461441213653603,1.71776232616941,0
"13130",7611.33289708501,55.5441071570104,31.1089900768509,2.18522026687937,15.7202918058394,29.2769662827991,10.663542549479,8.67607225351879,28.4759958123536,0.390014316981256,0,0
"13131",3916.43299044009,51.501343997902,45.4461509213617,0.186463054455378,28.9181059709009,29.7007063819362,9.10674669606522,9.78046357165217,5.56530970560614,0,0.558113007699515,0
"13132",26621.3007351072,60.349577277477,16.6478823513436,1.97254178424137,0.359507271543304,3.75651182982418,1.20333188626004,3.27355111786412,82.643260256132,0,0,0.657974899476057
"13201",4803.03105087117,57.1309738310999,34.6779384826965,1.31785018972418,19.5209771057982,28.1394417239031,12.9353466247315,13.1196401021673,16.6883700071125,0.379369669798484,2.03694991397879,0.264866909278759
"13202",7278.30066587177,48.7920579029734,32.5123336821647,2.28331080066096,18.0824695808923,9.11446597566471,11.2738470782635,15.5400330479195,23.1936307646087,0,55.2623798965262,0
"13203",5309.45310360601,59.6635548571957,41.0143974274647,1.70038111990619,17.6194664321313,33.6411609498681,7.21196130167106,18.9680445617121,7.79829961888009,3.04757728568296,61.8212380325952,0
"13301",7434.80888414946,54.2695638645439,49.8422049232064,0.429125138427464,31.999544003648,20.3472086509022,16.8653507914794,10.4805875838708,14.1163442121034,2.70394689021879,21.3198297514921,1.0636493591452
"13302",6068.83029291857,60.7820960998012,44.2227606572272,0.706955530216648,29.6351197263398,23.8211073102749,10.5257823387812,8.15279361459521,17.6409476751552,1.84468345332812,28.7899229595632,2.06660025974353
"13303",3835.31731463033,51.6733708769107,45.1259515999257,1.74867572914672,28.1958006254388,26.3386304167464,20.5118386623269,13.1086859403919,6.99470291658689,0.716358920521213,35.9785092323844,10.6218736491076
"13401",4138.16347885566,52.6964388404522,41.3525896834949,1.1422939539838,25.2700398823425,27.2396705345091,13.9373942107857,10.1419909338835,10.0575126028814,0.948185732320569,2.90481685583178,0.175958203900608
"13402",4174.19466958182,55.3720623442615,40.0552227002828,0.369938477622743,17.5305266261879,27.7829158121892,12.1208465693568,11.6530620451164,8.63725923840926,0,30.7416811439262,0
"13403",4453.02581342552,57.7826033514975,47.1344657882204,0.533367605950583,14.0667673424798,38.0393920894515,9.16042797930791,10.5934517880667,9.08652764836295,0.361962216224798,35.2436894745198,0
"13404",5421.94757396929,56.0716415752471,35.2183239718874,1.44015422123944,13.6644554062482,24.1764472415944,10.99676815785,14.4709984691274,18.2343936043545,0.637686871815085,45.7529772797658,2.67744024325009
"13501",4016.50406332692,54.5316495271274,44.761356888361,1.52282845593577,29.4944395805003,34.7158318275804,11.8491887562171,7.45673676955461,7.49771808579997,0,20.2596125296912,1.23589667458432
"13502",4763.10481855551,53.2336956521739,48.0641466208477,0,18.3751119068935,25.7385854968666,8.61683079677708,15.4879140555058,15.129811996419,3.14507198228128,67.5304540420819,1.10741971207087
"13503",3575.6853208966,49.3661675156064,43.4993500935231,4.29395568375508,20.1881473711813,43.0510030156025,6.17542939556838,5.529697128622,7.23416808705913,0,33.4749389721967,0
"13504",2961.03339529401,45.9078757968332,57.3271199134559,0.404687631734255,20.9088609729365,34.5164825900008,4.67076974959953,4.94899249641683,4.04687631734255,0,35.6661396355164,0
"13505",3484.94236119363,51.1701454775459,51.9342604298357,0,39.2161820480405,42.4273072060683,12.5410872313527,3.48925410872314,1.16308470290771,13.9570164348925,47.4336283185841,3.48925410872314
"13601",6304.59441437648,56.3692835258735,35.1527655210246,1.98103317387061,12.392302408811,29.1129936014074,8.70256787207635,21.4334775326256,18.6559340619615,1.34565460737847,22.5105389763498,1.87558053683283
"13602",4137.28733653047,55.2831221648678,50.4752438342548,1.94247059918702,22.3911626896702,30.1082942873988,17.128494740435,10.1684922580445,3.86942625748596,0,35.4076590487956,2.8721432983323
"13603",3275.53133576134,51.1940018744142,48.526481696256,0.362685058564718,33.7683572150544,27.5016350555919,13.4104286818479,11.4632261133242,2.33367025387954,0.575684738419538,36.4135434285884,0
"13604",4453.60300584702,49.9218565001184,42.5098873218417,2.00358182225207,21.5357062905753,28.2292366241325,13.2676665920454,19.5489142601298,12.280799940303,0,18.938885157824,0
"13605",4463.37241013227,53.6426009223937,37.6417789527546,1.70985726316238,19.9479794049611,23.2483024016885,21.2389003187327,12.5958063725229,12.4391049899263,0,10.5005052922717,4.0402106270943
"14101",6030.03804343991,52.0951530042439,33.4519116163931,1.74453132732852,22.1945214292784,30.8076808868653,12.3564782737801,8.20548351974661,15.3988914183906,12.1734634917739,84.1510811057385,2.37691208223094
"14102",2849.21343471592,42.6875181002027,47.158705003396,0,40.1031894934334,41.8621013133208,5.44090056285178,8.16135084427767,1.07879924953096,39.7328503509169,93.6155761829296,4.07516413855558
"14103",3196.80955845774,46.2914417887433,50.1058398705018,0.724591622703871,44.7721350028602,22.0746202250048,9.76291870590479,10.9006546748872,3.1462530985826,52.424110745546,95.8222111862934,31.1564963684897
"14104",3385.94855027488,49.3664011585807,54.5191715247168,0.146470071282101,39.2979201249878,36.9592813201836,12.5964261302607,5.43403964456596,1.60140611268431,58.8843073131428,93.9523200151666,34.7694203516754
"14105",4060.94554618247,48.1386645656884,53.7969624300559,2.85031575354156,26.1478067929681,39.563065369517,12.3058542413381,6.26386755419013,9.01177675371224,64.1566746602718,92.3741007194245,28.1374900079936
"14106",3327.23068364285,46.5404170658021,50.9590643274854,0.346273008930199,34.9674989368811,31.1767207338558,12.6845270639694,8.53532592187595,3.97910212016281,49.1637426900585,97.4619883040936,20.0350877192982
"14107",3184.71185310347,43.2036940686785,49.6667872087617,0.81069472779985,44.3895629764845,30.3554171588103,7.47342424567808,7.43584237087942,2.01331472135724,59.7303301131374,91.8065815983882,20.9381619052539
"14108",3043.37492141185,46.7092069279854,46.9686536331248,1.41061024225698,39.4296228150874,31.5148727384238,10.9874271695799,5.74977000919963,3.02667893284269,47.4156228513348,93.0794296134645,17.443424710771
"14201",3658.98110069349,45.1050158905624,49.4635102955596,1.51271599977037,37.4102990986853,33.529479304208,6.10540214708077,9.09638900051668,5.80400711866353,56.5300125926962,95.024485798237,14.7390513502169
"14202",3521.55575748566,50.4454781991642,53.4035868569185,0.252307283712901,29.4933935329659,44.8243808512051,10.9554478454286,4.47513445322356,1.0092291348516,59.0587773268752,100,24.3618274643278
"14203",3345.791143184,47.6845878136201,57.8953488372093,0.905030559473437,42.3953925716972,25.693464974142,10.496003761166,9.84955336154208,1.8688293370945,62.5824366539396,99.1091056346176,23.406224690501
"14204",3402.5912695365,47.4016016357131,52.705866152575,0.720062429057889,36.8366912599319,34.1763620885358,9.39628263337117,5.56895573212259,3.59321793416572,63.1729116534892,94.8435888621519,26.1464420763149
"15101",4447.68559517871,49.3143417520055,34.914922919721,4.32238329565102,28.1819390876446,28.7225694906238,10.5605798643437,8.17063439287139,9.33235802633329,0.70073232530661,0.688726992411366,0.387329950778135
"15102",3427.95448875276,48.1660899653979,65.1586765698852,0,36.7319378798109,31.3977042538825,1.2829169480081,8.57528696826469,0,17.0155300472654,0,0
"15201",4461.13847818247,56.5762004175365,63.1205673758865,2.25988700564972,40.30131826742,28.6252354048964,6.02636534839925,9.22787193973635,0.941619585687382,14.5390070921986,5.14184397163121,4.60992907801418
"16101",4672.77071668239,48.417194496014,36.7813316110191,3.02103339774313,26.7666477912889,38.4935113456588,10.8366073357112,6.74376382816012,7.7624504521334,1.57116451016636,64.0060494034616,0.727048675292668
"16102",3487.47557342414,46.6629557472864,51.3012194552166,0,30.7560053053004,43.6311833767255,9.2400648425603,10.9544628383357,2.15650636144815,9.51268513759753,80.3158435733308,3.98075036209877
"16103",3123.39372623428,43.6159626668497,45.424288191531,2.51597081352751,34.6725604771564,26.3071845953556,14.9050834115474,8.14133034605952,1.97402282842351,5.87121739372512,72.2251607694663,1.78168759221625
"16104",2631.05376803873,48.966966265904,56.0539821326744,1.01224820325944,56.8073691669197,21.1256200020245,7.38941188379391,1.90302662212775,1.03249316732463,38.3767344611291,88.5763162896788,4.40980802128873
"16105",2945.55721763303,48.8512537744519,57.4394847879192,0,46.934581573239,35.7917570498915,7.19260189519351,3.26521292384975,1.86094303002626,33.5887186320231,93.6930934932267,0.322007550521874
"16106",2553.32604830967,47.6877289377289,58.6312196874439,2.00316780024224,54.1507500232927,19.1279232274294,6.35423460355912,0,0,17.4151248428238,93.6590623315969,4.43686006825939
"16107",3833.8373595613,60.1683581150185,57.8087206641825,0.34673082366261,48.8112086045853,29.6065666572318,8.12340786866686,8.33569204641947,1.08972544579677,30.7862679955703,86.6914207543482,2.12364015373591
"16108",2619.4135591371,49.2252984505969,59.7386143895446,0,42.9631610617102,42.9497893962693,5.32860867821087,0.795614093735375,1.09647656615631,26.625325065013,93.952123758085,0.800160032006401
"16109",3280.34175692934,43.1718655258371,50.518454843389,0.570175438596491,31.9517543859649,37.8125,16.2774122807018,10.1370614035088,1.34320175438596,9.75662171600494,95.3312201149734,3.28802449900607
"16201",3371.72187430192,51.5623367123001,49.2134032530442,2.82901653445475,27.3917614450922,38.9085348370448,9.75819554621046,11.0962439071012,1.88282519353914,30.6299143033837,84.7601378213623,1.07783373089496
"16202",2529.76367571746,34.4546934346175,63.0093330298202,0.694283730617912,67.9240916454524,21.5690812311965,2.42999305716269,4.30455912983106,2.01342281879195,56.5445026178011,84.5208285909401,0
"16203",3978.27839723106,42.0822685681312,48.8101019912579,0.535523027490182,25.9121742234916,39.7001071046055,11.1888611210282,6.99750089253838,6.63334523384505,24.4432109900784,93.200582807188,6.91042808575592
"16204",2844.37289200991,43.7728491347794,68.9930855661193,0,31.1802058243924,41.4057368075323,1.33566892927524,9.43726735274798,1.68600832056054,19.9870354364736,90.7951598962835,0.605012964563526
"16205",2802.78641889197,46.931696905016,61.4139110604333,0,37.3942470389171,49.6495044718395,8.6052695189751,2.1271452743534,0,24.9258836944128,77.0581527936146,0.729760547320411
"16206",3581.95818127131,49.0267983074753,44.7362305368348,0.203045685279188,25.3553299492386,27.7918781725888,20.989847715736,7.86802030456853,5.53299492385787,12.4222171007144,84.6508412076515,3.48006453099793
"16207",3026.36808457544,42.44170814776,63.4318766066838,0.26024723487313,45.5215788332249,39.2322706571243,6.76642810670137,2.86271958360442,1.86510518325743,47.172236503856,94.8157669237361,11.5467009425878
"16301",3737.94775911811,46.7719247186651,47.2381142230639,1.22317380352645,34.7969773299748,34.2166246851385,13.567758186398,8.36473551637279,2.15012594458438,7.88328387734916,75.4421364985163,2.59545004945598
"16302",2903.37786922918,50.3969244595337,56.3365974564219,0.49566811062979,38.3497167610796,38.053982005998,8.75541486171276,1.2620793068977,1.33288903698767,20.433952297753,88.301978789972,0
"16303",2916.20201492877,44.5444772910508,60.234455809677,0.114929318469141,32.3640960809102,39.1564188024365,8.96448684059303,5.81542351453856,0.413745546488909,15.7453166302724,93.1961843466268,2.3560510286174
"16304",3649.73416957833,45.6224602881419,61.7121354656632,2.14262871762072,44.9632235369364,34.5059162136233,7.89894467540774,3.64566677326511,1.95075151902782,39.9374021909233,93.0516431924883,2.41001564945227
"16305",3300.69878884999,56.1144945188794,56.6836215666328,0.364317685021339,32.1536379723119,32.1328198188821,9.56594150098886,3.63276777349849,1.33236181950661,21.3973799126638,88.2705392505331,1.41159744084493
